Workbook

Sheet Results-VlookUp
A1: Study | B1: box n° | C1: Sample ID number | E1: Type | F1: [IL-33] in pg/mL | G1: IL-33 CV in % | H1: [IL1b] in pg/mL | I1: IL1b CV in % | J1: [IL2] in pg/mL | K1: IL2 CV in % | L1: [IL4] in pg/mL | M1: IL4 CV in % | N1: [IL5] in pg/mL | O1: IL5 CV in % | P1: [IL6] in pg/mL | Q1: IL6 CV in % | R1: [IL8/CXCL8] in pg/mL | S1: IL8/CXCL8 CV in % | T1: [IL10] in pg/mL | U1: IL10 CV in % | V1: [GDF-15] in pg/mL | W1: GDF-15 CV in % | X1: [IL12p70] in pg/mL | Y1: IL12p70 CV in % | Z1: [IL17A/CTLA-8] in pg/mL | AA1: IL17A/CTLA-8 CV in % | AB1: [IFNg] in pg/mL | AC1: IFNg CV in % | AD1: [TNFa] in pg/mL | AE1: TNFa CV in % | AF1: [Granzyme B] in pg/mL | AG1: Granzyme B CV in %
A2: ADRECMO | B2: box 1 | C2: ADRECMO-01_SR_J0 | D2: A001 | E2: serum | F2: =VLOOKUP(D2,'Obs Conc_1'!$C$23:$Q$78,2,FALSE) -> OOR < | G2: =VLOOKUP(D2,'Obs Conc %CV_1'!$C$23:$Q$78,2,FALSE) -> 0 | H2: =VLOOKUP(D2,'Obs Conc_1'!$C$23:$Q$78,3,FALSE) -> OOR < | I2: =VLOOKUP(D2,'Obs Conc %CV_1'!$C$23:$Q$78,3,FALSE) -> 0 | J2: =VLOOKUP(D2,'Obs Conc_1'!$C$23:$Q$78,4,FALSE) -> OOR < | K2: =VLOOKUP(D2,'Obs Conc %CV_1'!$C$23:$Q$78,4,FALSE) -> 0 | L2: =VLOOKUP(D2,'Obs Conc_1'!$C$23:$Q$78,5,FALSE) -> OOR < | M2: =VLOOKUP(D2,'Obs Conc %CV_1'!$C$23:$Q$78,5,FALSE) -> 0 | N2: =VLOOKUP(D2,'Obs Conc_1'!$C$23:$Q$78,6,FALSE) -> OOR < | O2: =VLOOKUP(D2,'Obs Conc %CV_1'!$C$23:$Q$78,6,FALSE) -> 0 | P2: =VLOOKUP(D2,'Obs Conc_1'!$C$23:$Q$78,7,FALSE) -> 25.35 | Q2: =VLOOKUP(D2,'Obs Conc %CV_1'!$C$23:$Q$78,7,FALSE) -> 8.07 | R2: =VLOOKUP(D2,'Obs Conc_1'!$C$23:$Q$78,8,FALSE) -> 9.83 | S2: =VLOOKUP(D2,'Obs Conc %CV_1'!$C$23:$Q$78,8,FALSE) -> 15.32 | T2: =VLOOKUP(D2,'Obs Conc_1'!$C$23:$Q$78,9,FALSE) -> OOR < | U2: =VLOOKUP(D2,'Obs Conc %CV_1'!$C$23:$Q$78,9,FALSE) -> 0 | V2: =VLOOKUP(D2,'Obs Conc_1'!$C$23:$Q$78,10,FALSE) -> 405.42 | W2: =VLOOKUP(D2,'Obs Conc %CV_1'!$C$23:$Q$78,10,FALSE) -> 15.5 | X2: =VLOOKUP(D2,'Obs Conc_1'!$C$23:$Q$78,11,FALSE) -> OOR < | Y2: =VLOOKUP(D2,'Obs Conc %CV_1'!$C$23:$Q$78,11,FALSE) -> 0 | Z2: =VLOOKUP(D2,'Obs Conc_1'!$C$23:$Q$78,12,FALSE) -> OOR < | AA2: =VLOOKUP(D2,'Obs Conc %CV_1'!$C$23:$Q$78,12,FALSE) -> 0 | AB2: =VLOOKUP(D2,'Obs Conc_1'!$C$23:$Q$78,13,FALSE) -> OOR < | AC2: =VLOOKUP(D2,'Obs Conc %CV_1'!$C$23:$Q$78,13,FALSE) -> 0 | AD2: =VLOOKUP(D2,'Obs Conc_1'!$C$23:$Q$78,14,FALSE) -> OOR < | AE2: =VLOOKUP(D2,'Obs Conc %CV_1'!$C$23:$Q$78,14,FALSE) -> 0 | AF2: =VLOOKUP(D2,'Obs Conc_1'!$C$23:$Q$78,15,FALSE) -> OOR < | AG2: =VLOOKUP(D2,'Obs Conc %CV_1'!$C$23:$Q$78,15,FALSE) -> 0
A3: ADRECMO | B3: box 1 | C3: ADRECMO-01_SR_J3-J5 | D3: A002 | E3: serum | F3: =VLOOKUP(D3,'Obs Conc_1'!$C$23:$Q$78,2,FALSE) -> OOR < | G3: =VLOOKUP(D3,'Obs Conc %CV_1'!$C$23:$Q$78,2,FALSE) -> 0 | H3: =VLOOKUP(D3,'Obs Conc_1'!$C$23:$Q$78,3,FALSE) -> OOR < | I3: =VLOOKUP(D3,'Obs Conc %CV_1'!$C$23:$Q$78,3,FALSE) -> 0 | J3: =VLOOKUP(D3,'Obs Conc_1'!$C$23:$Q$78,4,FALSE) -> OOR < | K3: =VLOOKUP(D3,'Obs Conc %CV_1'!$C$23:$Q$78,4,FALSE) -> 0 | L3: =VLOOKUP(D3,'Obs Conc_1'!$C$23:$Q$78,5,FALSE) -> OOR < | M3: =VLOOKUP(D3,'Obs Conc %CV_1'!$C$23:$Q$78,5,FALSE) -> 0 | N3: =VLOOKUP(D3,'Obs Conc_1'!$C$23:$Q$78,6,FALSE) -> *2.50 | O3: =VLOOKUP(D3,'Obs Conc %CV_1'!$C$23:$Q$78,6,FALSE) -> 73.6 | P3: =VLOOKUP(D3,'Obs Conc_1'!$C$23:$Q$78,7,FALSE) -> 47.13 | Q3: =VLOOKUP(D3,'Obs Conc %CV_1'!$C$23:$Q$78,7,FALSE) -> 9.01 | R3: =VLOOKUP(D3,'Obs Conc_1'!$C$23:$Q$78,8,FALSE) -> 3.29 | S3: =VLOOKUP(D3,'Obs Conc %CV_1'!$C$23:$Q$78,8,FALSE) -> 7.48 | T3: =VLOOKUP(D3,'Obs Conc_1'!$C$23:$Q$78,9,FALSE) -> OOR < | U3: =VLOOKUP(D3,'Obs Conc %CV_1'!$C$23:$Q$78,9,FALSE) -> 0 | V3: =VLOOKUP(D3,'Obs Conc_1'!$C$23:$Q$78,10,FALSE) -> 313.34 | W3: =VLOOKUP(D3,'Obs Conc %CV_1'!$C$23:$Q$78,10,FALSE) -> 0.64 | X3: =VLOOKUP(D3,'Obs Conc_1'!$C$23:$Q$78,11,FALSE) -> OOR < | Y3: =VLOOKUP(D3,'Obs Conc %CV_1'!$C$23:$Q$78,11,FALSE) -> 0 | Z3: =VLOOKUP(D3,'Obs Conc_1'!$C$23:$Q$78,12,FALSE) -> OOR < | AA3: =VLOOKUP(D3,'Obs Conc %CV_1'!$C$23:$Q$78,12,FALSE) -> 0 | AB3: =VLOOKUP(D3,'Obs Conc_1'!$C$23:$Q$78,13,FALSE) -> OOR < | AC3: =VLOOKUP(D3,'Obs Conc %CV_1'!$C$23:$Q$78,13,FALSE) -> 0 | AD3: =VLOOKUP(D3,'Obs Conc_1'!$C$23:$Q$78,14,FALSE) -> OOR < | AE3: =VLOOKUP(D3,'Obs Conc %CV_1'!$C$23:$Q$78,14,FALSE) -> 0 | AF3: =VLOOKUP(D3,'Obs Conc_1'!$C$23:$Q$78,15,FALSE) -> OOR < | AG3: =VLOOKUP(D3,'Obs Conc %CV_1'!$C$23:$Q$78,15,FALSE) -> 0
A4: ADRECMO | B4: box 1 | C4: ADRECMO-01_SR_JS | D4: A003 | E4: serum | F4: =VLOOKUP(D4,'Obs Conc_1'!$C$23:$Q$78,2,FALSE) -> OOR < | G4: =VLOOKUP(D4,'Obs Conc %CV_1'!$C$23:$Q$78,2,FALSE) -> 0 | H4: =VLOOKUP(D4,'Obs Conc_1'!$C$23:$Q$78,3,FALSE) -> OOR < | I4: =VLOOKUP(D4,'Obs Conc %CV_1'!$C$23:$Q$78,3,FALSE) -> 0 | J4: =VLOOKUP(D4,'Obs Conc_1'!$C$23:$Q$78,4,FALSE) -> OOR < | K4: =VLOOKUP(D4,'Obs Conc %CV_1'!$C$23:$Q$78,4,FALSE) -> 0 | L4: =VLOOKUP(D4,'Obs Conc_1'!$C$23:$Q$78,5,FALSE) -> OOR < | M4: =VLOOKUP(D4,'Obs Conc %CV_1'!$C$23:$Q$78,5,FALSE) -> 0 | N4: =VLOOKUP(D4,'Obs Conc_1'!$C$23:$Q$78,6,FALSE) -> *0.01 | O4: =VLOOKUP(D4,'Obs Conc %CV_1'!$C$23:$Q$78,6,FALSE) -> 0 | P4: =VLOOKUP(D4,'Obs Conc_1'!$C$23:$Q$78,7,FALSE) -> 53.41 | Q4: =VLOOKUP(D4,'Obs Conc %CV_1'!$C$23:$Q$78,7,FALSE) -> 26.14 | R4: =VLOOKUP(D4,'Obs Conc_1'!$C$23:$Q$78,8,FALSE) -> 3.47 | S4: =VLOOKUP(D4,'Obs Conc %CV_1'!$C$23:$Q$78,8,FALSE) -> 31.95 | T4: =VLOOKUP(D4,'Obs Conc_1'!$C$23:$Q$78,9,FALSE) -> OOR < | U4: =VLOOKUP(D4,'Obs Conc %CV_1'!$C$23:$Q$78,9,FALSE) -> 0 | V4: =VLOOKUP(D4,'Obs Conc_1'!$C$23:$Q$78,10,FALSE) -> 379.9 | W4: =VLOOKUP(D4,'Obs Conc %CV_1'!$C$23:$Q$78,10,FALSE) -> 19.7 | X4: =VLOOKUP(D4,'Obs Conc_1'!$C$23:$Q$78,11,FALSE) -> OOR < | Y4: =VLOOKUP(D4,'Obs Conc %CV_1'!$C$23:$Q$78,11,FALSE) -> 0 | Z4: =VLOOKUP(D4,'Obs Conc_1'!$C$23:$Q$78,12,FALSE) -> OOR < | AA4: =VLOOKUP(D4,'Obs Conc %CV_1'!$C$23:$Q$78,12,FALSE) -> 0 | AB4: =VLOOKUP(D4,'Obs Conc_1'!$C$23:$Q$78,13,FALSE) -> OOR < | AC4: =VLOOKUP(D4,'Obs Conc %CV_1'!$C$23:$Q$78,13,FALSE) -> 0 | AD4: =VLOOKUP(D4,'Obs Conc_1'!$C$23:$Q$78,14,FALSE) -> OOR < | AE4: =VLOOKUP(D4,'Obs Conc %CV_1'!$C$23:$Q$78,14,FALSE) -> 0 | AF4: =VLOOKUP(D4,'Obs Conc_1'!$C$23:$Q$78,15,FALSE) -> OOR < | AG4: =VLOOKUP(D4,'Obs Conc %CV_1'!$C$23:$Q$78,15,FALSE) -> 0
A5: ADRECMO | B5: box 1 | C5: ADRECMO-02_SR_J0 | D5: A004 | E5: serum | F5: =VLOOKUP(D5,'Obs Conc_1'!$C$23:$Q$78,2,FALSE) -> OOR < | G5: =VLOOKUP(D5,'Obs Conc %CV_1'!$C$23:$Q$78,2,FALSE) -> 0 | H5: =VLOOKUP(D5,'Obs Conc_1'!$C$23:$Q$78,3,FALSE) -> OOR < | I5: =VLOOKUP(D5,'Obs Conc %CV_1'!$C$23:$Q$78,3,FALSE) -> 0 | J5: =VLOOKUP(D5,'Obs Conc_1'!$C$23:$Q$78,4,FALSE) -> OOR < | K5: =VLOOKUP(D5,'Obs Conc %CV_1'!$C$23:$Q$78,4,FALSE) -> 0 | L5: =VLOOKUP(D5,'Obs Conc_1'!$C$23:$Q$78,5,FALSE) -> OOR < | M5: =VLOOKUP(D5,'Obs Conc %CV_1'!$C$23:$Q$78,5,FALSE) -> 0 | N5: =VLOOKUP(D5,'Obs Conc_1'!$C$23:$Q$78,6,FALSE) -> *5.19 | O5: =VLOOKUP(D5,'Obs Conc %CV_1'!$C$23:$Q$78,6,FALSE) -> 0 | P5: =VLOOKUP(D5,'Obs Conc_1'!$C$23:$Q$78,7,FALSE) -> 416.67 | Q5: =VLOOKUP(D5,'Obs Conc %CV_1'!$C$23:$Q$78,7,FALSE) -> 5.37 | R5: =VLOOKUP(D5,'Obs Conc_1'!$C$23:$Q$78,8,FALSE) -> 87.29 | S5: =VLOOKUP(D5,'Obs Conc %CV_1'!$C$23:$Q$78,8,FALSE) -> 1.37 | T5: =VLOOKUP(D5,'Obs Conc_1'!$C$23:$Q$78,9,FALSE) -> 105.86 | U5: =VLOOKUP(D5,'Obs Conc %CV_1'!$C$23:$Q$78,9,FALSE) -> 4.04 | V5: =VLOOKUP(D5,'Obs Conc_1'!$C$23:$Q$78,10,FALSE) -> 660.73 | W5: =VLOOKUP(D5,'Obs Conc %CV_1'!$C$23:$Q$78,10,FALSE) -> 4.57 | X5: =VLOOKUP(D5,'Obs Conc_1'!$C$23:$Q$78,11,FALSE) -> OOR < | Y5: =VLOOKUP(D5,'Obs Conc %CV_1'!$C$23:$Q$78,11,FALSE) -> 0 | Z5: =VLOOKUP(D5,'Obs Conc_1'!$C$23:$Q$78,12,FALSE) -> OOR < | AA5: =VLOOKUP(D5,'Obs Conc %CV_1'!$C$23:$Q$78,12,FALSE) -> 0 | AB5: =VLOOKUP(D5,'Obs Conc_1'!$C$23:$Q$78,13,FALSE) -> OOR < | AC5: =VLOOKUP(D5,'Obs Conc %CV_1'!$C$23:$Q$78,13,FALSE) -> 0 | AD5: =VLOOKUP(D5,'Obs Conc_1'!$C$23:$Q$78,14,FALSE) -> OOR < | AE5: =VLOOKUP(D5,'Obs Conc %CV_1'!$C$23:$Q$78,14,FALSE) -> 0 | AF5: =VLOOKUP(D5,'Obs Conc_1'!$C$23:$Q$78,15,FALSE) -> OOR < | AG5: =VLOOKUP(D5,'Obs Conc %CV_1'!$C$23:$Q$78,15,FALSE) -> 0
A6: ADRECMO | B6: box 1 | C6: ADRECMO-02_SR_J3-J5 | D6: A005 | E6: serum | F6: =VLOOKUP(D6,'Obs Conc_1'!$C$23:$Q$78,2,FALSE) -> OOR < | G6: =VLOOKUP(D6,'Obs Conc %CV_1'!$C$23:$Q$78,2,FALSE) -> 0 | H6: =VLOOKUP(D6,'Obs Conc_1'!$C$23:$Q$78,3,FALSE) -> OOR < | I6: =VLOOKUP(D6,'Obs Conc %CV_1'!$C$23:$Q$78,3,FALSE) -> 0 | J6: =VLOOKUP(D6,'Obs Conc_1'!$C$23:$Q$78,4,FALSE) -> OOR < | K6: =VLOOKUP(D6,'Obs Conc %CV_1'!$C$23:$Q$78,4,FALSE) -> 0 | L6: =VLOOKUP(D6,'Obs Conc_1'!$C$23:$Q$78,5,FALSE) -> OOR < | M6: =VLOOKUP(D6,'Obs Conc %CV_1'!$C$23:$Q$78,5,FALSE) -> 0 | N6: =VLOOKUP(D6,'Obs Conc_1'!$C$23:$Q$78,6,FALSE) -> *6.56 | O6: =VLOOKUP(D6,'Obs Conc %CV_1'!$C$23:$Q$78,6,FALSE) -> 0 | P6: =VLOOKUP(D6,'Obs Conc_1'!$C$23:$Q$78,7,FALSE) -> 50.78 | Q6: =VLOOKUP(D6,'Obs Conc %CV_1'!$C$23:$Q$78,7,FALSE) -> 1.84 | R6: =VLOOKUP(D6,'Obs Conc_1'!$C$23:$Q$78,8,FALSE) -> 18.75 | S6: =VLOOKUP(D6,'Obs Conc %CV_1'!$C$23:$Q$78,8,FALSE) -> 12.99 | T6: =VLOOKUP(D6,'Obs Conc_1'!$C$23:$Q$78,9,FALSE) -> *1.52 | U6: =VLOOKUP(D6,'Obs Conc %CV_1'!$C$23:$Q$78,9,FALSE) -> 11.84 | V6: =VLOOKUP(D6,'Obs Conc_1'!$C$23:$Q$78,10,FALSE) -> 580.6 | W6: =VLOOKUP(D6,'Obs Conc %CV_1'!$C$23:$Q$78,10,FALSE) -> 9.12 | X6: =VLOOKUP(D6,'Obs Conc_1'!$C$23:$Q$78,11,FALSE) -> OOR < | Y6: =VLOOKUP(D6,'Obs Conc %CV_1'!$C$23:$Q$78,11,FALSE) -> 0 | Z6: =VLOOKUP(D6,'Obs Conc_1'!$C$23:$Q$78,12,FALSE) -> OOR < | AA6: =VLOOKUP(D6,'Obs Conc %CV_1'!$C$23:$Q$78,12,FALSE) -> 0 | AB6: =VLOOKUP(D6,'Obs Conc_1'!$C$23:$Q$78,13,FALSE) -> OOR < | AC6: =VLOOKUP(D6,'Obs Conc %CV_1'!$C$23:$Q$78,13,FALSE) -> 0 | AD6: =VLOOKUP(D6,'Obs Conc_1'!$C$23:$Q$78,14,FALSE) -> OOR < | AE6: =VLOOKUP(D6,'Obs Conc %CV_1'!$C$23:$Q$78,14,FALSE) -> 0 | AF6: =VLOOKUP(D6,'Obs Conc_1'!$C$23:$Q$78,15,FALSE) -> OOR < | AG6: =VLOOKUP(D6,'Obs Conc %CV_1'!$C$23:$Q$78,15,FALSE) -> 0
A7: ADRECMO | B7: box 1 | C7: ADRECMO-02_SR_JS | D7: A006 | E7: serum | F7: =VLOOKUP(D7,'Obs Conc_1'!$C$23:$Q$78,2,FALSE) -> OOR < | G7: =VLOOKUP(D7,'Obs Conc %CV_1'!$C$23:$Q$78,2,FALSE) -> 0 | H7: =VLOOKUP(D7,'Obs Conc_1'!$C$23:$Q$78,3,FALSE) -> OOR < | I7: =VLOOKUP(D7,'Obs Conc %CV_1'!$C$23:$Q$78,3,FALSE) -> 0 | J7: =VLOOKUP(D7,'Obs Conc_1'!$C$23:$Q$78,4,FALSE) -> OOR < | K7: =VLOOKUP(D7,'Obs Conc %CV_1'!$C$23:$Q$78,4,FALSE) -> 0 | L7: =VLOOKUP(D7,'Obs Conc_1'!$C$23:$Q$78,5,FALSE) -> OOR < | M7: =VLOOKUP(D7,'Obs Conc %CV_1'!$C$23:$Q$78,5,FALSE) -> 0 | N7: =VLOOKUP(D7,'Obs Conc_1'!$C$23:$Q$78,6,FALSE) -> *6.56 | O7: =VLOOKUP(D7,'Obs Conc %CV_1'!$C$23:$Q$78,6,FALSE) -> 59.21 | P7: =VLOOKUP(D7,'Obs Conc_1'!$C$23:$Q$78,7,FALSE) -> 55.37 | Q7: =VLOOKUP(D7,'Obs Conc %CV_1'!$C$23:$Q$78,7,FALSE) -> 13.35 | R7: =VLOOKUP(D7,'Obs Conc_1'!$C$23:$Q$78,8,FALSE) -> 22.31 | S7: =VLOOKUP(D7,'Obs Conc %CV_1'!$C$23:$Q$78,8,FALSE) -> 24.31 | T7: =VLOOKUP(D7,'Obs Conc_1'!$C$23:$Q$78,9,FALSE) -> 4.12 | U7: =VLOOKUP(D7,'Obs Conc %CV_1'!$C$23:$Q$78,9,FALSE) -> 25.17 | V7: =VLOOKUP(D7,'Obs Conc_1'!$C$23:$Q$78,10,FALSE) -> 655.39 | W7: =VLOOKUP(D7,'Obs Conc %CV_1'!$C$23:$Q$78,10,FALSE) -> 6.59 | X7: =VLOOKUP(D7,'Obs Conc_1'!$C$23:$Q$78,11,FALSE) -> OOR < | Y7: =VLOOKUP(D7,'Obs Conc %CV_1'!$C$23:$Q$78,11,FALSE) -> 0 | Z7: =VLOOKUP(D7,'Obs Conc_1'!$C$23:$Q$78,12,FALSE) -> OOR < | AA7: =VLOOKUP(D7,'Obs Conc %CV_1'!$C$23:$Q$78,12,FALSE) -> 0 | AB7: =VLOOKUP(D7,'Obs Conc_1'!$C$23:$Q$78,13,FALSE) -> OOR < | AC7: =VLOOKUP(D7,'Obs Conc %CV_1'!$C$23:$Q$78,13,FALSE) -> 0 | AD7: =VLOOKUP(D7,'Obs Conc_1'!$C$23:$Q$78,14,FALSE) -> OOR < | AE7: =VLOOKUP(D7,'Obs Conc %CV_1'!$C$23:$Q$78,14,FALSE) -> 0 | AF7: =VLOOKUP(D7,'Obs Conc_1'!$C$23:$Q$78,15,FALSE) -> OOR < | AG7: =VLOOKUP(D7,'Obs Conc %CV_1'!$C$23:$Q$78,15,FALSE) -> 0
A8: ADRECMO | B8: box 1 | C8: ADRECMO-03_SR_J0 | D8: A007 | E8: serum | F8: =VLOOKUP(D8,'Obs Conc_1'!$C$23:$Q$78,2,FALSE) -> OOR < | G8: =VLOOKUP(D8,'Obs Conc %CV_1'!$C$23:$Q$78,2,FALSE) -> 0 | H8: =VLOOKUP(D8,'Obs Conc_1'!$C$23:$Q$78,3,FALSE) -> OOR < | I8: =VLOOKUP(D8,'Obs Conc %CV_1'!$C$23:$Q$78,3,FALSE) -> 0 | J8: =VLOOKUP(D8,'Obs Conc_1'!$C$23:$Q$78,4,FALSE) -> OOR < | K8: =VLOOKUP(D8,'Obs Conc %CV_1'!$C$23:$Q$78,4,FALSE) -> 0 | L8: =VLOOKUP(D8,'Obs Conc_1'!$C$23:$Q$78,5,FALSE) -> OOR < | M8: =VLOOKUP(D8,'Obs Conc %CV_1'!$C$23:$Q$78,5,FALSE) -> 0 | N8: =VLOOKUP(D8,'Obs Conc_1'!$C$23:$Q$78,6,FALSE) -> *0.01 | O8: =VLOOKUP(D8,'Obs Conc %CV_1'!$C$23:$Q$78,6,FALSE) -> 0 | P8: =VLOOKUP(D8,'Obs Conc_1'!$C$23:$Q$78,7,FALSE) -> 90.99 | Q8: =VLOOKUP(D8,'Obs Conc %CV_1'!$C$23:$Q$78,7,FALSE) -> 6.18 | R8: =VLOOKUP(D8,'Obs Conc_1'!$C$23:$Q$78,8,FALSE) -> 2.81 | S8: =VLOOKUP(D8,'Obs Conc %CV_1'!$C$23:$Q$78,8,FALSE) -> 19.94 | T8: =VLOOKUP(D8,'Obs Conc_1'!$C$23:$Q$78,9,FALSE) -> 10.4 | U8: =VLOOKUP(D8,'Obs Conc %CV_1'!$C$23:$Q$78,9,FALSE) -> 17.37 | V8: =VLOOKUP(D8,'Obs Conc_1'!$C$23:$Q$78,10,FALSE) -> 423.87 | W8: =VLOOKUP(D8,'Obs Conc %CV_1'!$C$23:$Q$78,10,FALSE) -> 7.74 | X8: =VLOOKUP(D8,'Obs Conc_1'!$C$23:$Q$78,11,FALSE) -> OOR < | Y8: =VLOOKUP(D8,'Obs Conc %CV_1'!$C$23:$Q$78,11,FALSE) -> 0 | Z8: =VLOOKUP(D8,'Obs Conc_1'!$C$23:$Q$78,12,FALSE) -> OOR < | AA8: =VLOOKUP(D8,'Obs Conc %CV_1'!$C$23:$Q$78,12,FALSE) -> 0 | AB8: =VLOOKUP(D8,'Obs Conc_1'!$C$23:$Q$78,13,FALSE) -> OOR < | AC8: =VLOOKUP(D8,'Obs Conc %CV_1'!$C$23:$Q$78,13,FALSE) -> 0 | AD8: =VLOOKUP(D8,'Obs Conc_1'!$C$23:$Q$78,14,FALSE) -> OOR < | AE8: =VLOOKUP(D8,'Obs Conc %CV_1'!$C$23:$Q$78,14,FALSE) -> 0 | AF8: =VLOOKUP(D8,'Obs Conc_1'!$C$23:$Q$78,15,FALSE) -> OOR < | AG8: =VLOOKUP(D8,'Obs Conc %CV_1'!$C$23:$Q$78,15,FALSE) -> 0
A9: ADRECMO | B9: box 1 | C9: ADRECMO-03_SR_J3 | D9: A008 | E9: serum | F9: =VLOOKUP(D9,'Obs Conc_1'!$C$23:$Q$78,2,FALSE) -> OOR < | G9: =VLOOKUP(D9,'Obs Conc %CV_1'!$C$23:$Q$78,2,FALSE) -> 0 | H9: =VLOOKUP(D9,'Obs Conc_1'!$C$23:$Q$78,3,FALSE) -> OOR < | I9: =VLOOKUP(D9,'Obs Conc %CV_1'!$C$23:$Q$78,3,FALSE) -> 0 | J9: =VLOOKUP(D9,'Obs Conc_1'!$C$23:$Q$78,4,FALSE) -> OOR < | K9: =VLOOKUP(D9,'Obs Conc %CV_1'!$C$23:$Q$78,4,FALSE) -> 0 | L9: =VLOOKUP(D9,'Obs Conc_1'!$C$23:$Q$78,5,FALSE) -> OOR < | M9: =VLOOKUP(D9,'Obs Conc %CV_1'!$C$23:$Q$78,5,FALSE) -> 0 | N9: =VLOOKUP(D9,'Obs Conc_1'!$C$23:$Q$78,6,FALSE) -> *3.83 | O9: =VLOOKUP(D9,'Obs Conc %CV_1'!$C$23:$Q$78,6,FALSE) -> 97.42 | P9: =VLOOKUP(D9,'Obs Conc_1'!$C$23:$Q$78,7,FALSE) -> 59.92 | Q9: =VLOOKUP(D9,'Obs Conc %CV_1'!$C$23:$Q$78,7,FALSE) -> 7.63 | R9: =VLOOKUP(D9,'Obs Conc_1'!$C$23:$Q$78,8,FALSE) -> 2.5 | S9: =VLOOKUP(D9,'Obs Conc %CV_1'!$C$23:$Q$78,8,FALSE) -> 20.07 | T9: =VLOOKUP(D9,'Obs Conc_1'!$C$23:$Q$78,9,FALSE) -> OOR < | U9: =VLOOKUP(D9,'Obs Conc %CV_1'!$C$23:$Q$78,9,FALSE) -> 0 | V9: =VLOOKUP(D9,'Obs Conc_1'!$C$23:$Q$78,10,FALSE) -> 416.77 | W9: =VLOOKUP(D9,'Obs Conc %CV_1'!$C$23:$Q$78,10,FALSE) -> 1.61 | X9: =VLOOKUP(D9,'Obs Conc_1'!$C$23:$Q$78,11,FALSE) -> OOR < | Y9: =VLOOKUP(D9,'Obs Conc %CV_1'!$C$23:$Q$78,11,FALSE) -> 0 | Z9: =VLOOKUP(D9,'Obs Conc_1'!$C$23:$Q$78,12,FALSE) -> OOR < | AA9: =VLOOKUP(D9,'Obs Conc %CV_1'!$C$23:$Q$78,12,FALSE) -> 0 | AB9: =VLOOKUP(D9,'Obs Conc_1'!$C$23:$Q$78,13,FALSE) -> OOR < | AC9: =VLOOKUP(D9,'Obs Conc %CV_1'!$C$23:$Q$78,13,FALSE) -> 0 | AD9: =VLOOKUP(D9,'Obs Conc_1'!$C$23:$Q$78,14,FALSE) -> OOR < | AE9: =VLOOKUP(D9,'Obs Conc %CV_1'!$C$23:$Q$78,14,FALSE) -> 0 | AF9: =VLOOKUP(D9,'Obs Conc_1'!$C$23:$Q$78,15,FALSE) -> OOR < | AG9: =VLOOKUP(D9,'Obs Conc %CV_1'!$C$23:$Q$78,15,FALSE) -> 0
A10: ADRECMO | B10: box 1 | C10: ADRECMO-03_SR_JS | D10: A009 | E10: serum | F10: =VLOOKUP(D10,'Obs Conc_1'!$C$23:$Q$78,2,FALSE) -> OOR < | G10: =VLOOKUP(D10,'Obs Conc %CV_1'!$C$23:$Q$78,2,FALSE) -> 0 | H10: =VLOOKUP(D10,'Obs Conc_1'!$C$23:$Q$78,3,FALSE) -> OOR < | I10: =VLOOKUP(D10,'Obs Conc %CV_1'!$C$23:$Q$78,3,FALSE) -> 0 | J10: =VLOOKUP(D10,'Obs Conc_1'!$C$23:$Q$78,4,FALSE) -> OOR < | K10: =VLOOKUP(D10,'Obs Conc %CV_1'!$C$23:$Q$78,4,FALSE) -> 0 | L10: =VLOOKUP(D10,'Obs Conc_1'!$C$23:$Q$78,5,FALSE) -> OOR < | M10: =VLOOKUP(D10,'Obs Conc %CV_1'!$C$23:$Q$78,5,FALSE) -> 0 | N10: =VLOOKUP(D10,'Obs Conc_1'!$C$23:$Q$78,6,FALSE) -> OOR < | O10: =VLOOKUP(D10,'Obs Conc %CV_1'!$C$23:$Q$78,6,FALSE) -> 0 | P10: =VLOOKUP(D10,'Obs Conc_1'!$C$23:$Q$78,7,FALSE) -> 42.76 | Q10: =VLOOKUP(D10,'Obs Conc %CV_1'!$C$23:$Q$78,7,FALSE) -> 0 | R10: =VLOOKUP(D10,'Obs Conc_1'!$C$23:$Q$78,8,FALSE) -> 5.77 | S10: =VLOOKUP(D10,'Obs Conc %CV_1'!$C$23:$Q$78,8,FALSE) -> 0 | T10: =VLOOKUP(D10,'Obs Conc_1'!$C$23:$Q$78,9,FALSE) -> OOR < | U10: =VLOOKUP(D10,'Obs Conc %CV_1'!$C$23:$Q$78,9,FALSE) -> 0 | V10: =VLOOKUP(D10,'Obs Conc_1'!$C$23:$Q$78,10,FALSE) -> 613.32 | W10: =VLOOKUP(D10,'Obs Conc %CV_1'!$C$23:$Q$78,10,FALSE) -> 0 | X10: =VLOOKUP(D10,'Obs Conc_1'!$C$23:$Q$78,11,FALSE) -> OOR < | Y10: =VLOOKUP(D10,'Obs Conc %CV_1'!$C$23:$Q$78,11,FALSE) -> 0 | Z10: =VLOOKUP(D10,'Obs Conc_1'!$C$23:$Q$78,12,FALSE) -> OOR < | AA10: =VLOOKUP(D10,'Obs Conc %CV_1'!$C$23:$Q$78,12,FALSE) -> 0 | AB10: =VLOOKUP(D10,'Obs Conc_1'!$C$23:$Q$78,13,FALSE) -> OOR < | AC10: =VLOOKUP(D10,'Obs Conc %CV_1'!$C$23:$Q$78,13,FALSE) -> 0 | AD10: =VLOOKUP(D10,'Obs Conc_1'!$C$23:$Q$78,14,FALSE) -> OOR < | AE10: =VLOOKUP(D10,'Obs Conc %CV_1'!$C$23:$Q$78,14,FALSE) -> 0 | AF10: =VLOOKUP(D10,'Obs Conc_1'!$C$23:$Q$78,15,FALSE) -> OOR < | AG10: =VLOOKUP(D10,'Obs Conc %CV_1'!$C$23:$Q$78,15,FALSE) -> 0
A11: ADRECMO | B11: box 1 | C11: ADRECMO-04_SR_J0 | D11: A010 | E11: serum | F11: =VLOOKUP(D11,'Obs Conc_1'!$C$23:$Q$78,2,FALSE) -> OOR < | G11: =VLOOKUP(D11,'Obs Conc %CV_1'!$C$23:$Q$78,2,FALSE) -> 0 | H11: =VLOOKUP(D11,'Obs Conc_1'!$C$23:$Q$78,3,FALSE) -> OOR < | I11: =VLOOKUP(D11,'Obs Conc %CV_1'!$C$23:$Q$78,3,FALSE) -> 0 | J11: =VLOOKUP(D11,'Obs Conc_1'!$C$23:$Q$78,4,FALSE) -> OOR < | K11: =VLOOKUP(D11,'Obs Conc %CV_1'!$C$23:$Q$78,4,FALSE) -> 0 | L11: =VLOOKUP(D11,'Obs Conc_1'!$C$23:$Q$78,5,FALSE) -> OOR < | M11: =VLOOKUP(D11,'Obs Conc %CV_1'!$C$23:$Q$78,5,FALSE) -> 0 | N11: =VLOOKUP(D11,'Obs Conc_1'!$C$23:$Q$78,6,FALSE) -> 9.36 | O11: =VLOOKUP(D11,'Obs Conc %CV_1'!$C$23:$Q$78,6,FALSE) -> 0 | P11: =VLOOKUP(D11,'Obs Conc_1'!$C$23:$Q$78,7,FALSE) -> 347.38 | Q11: =VLOOKUP(D11,'Obs Conc %CV_1'!$C$23:$Q$78,7,FALSE) -> 0 | R11: =VLOOKUP(D11,'Obs Conc_1'!$C$23:$Q$78,8,FALSE) -> 47.59 | S11: =VLOOKUP(D11,'Obs Conc %CV_1'!$C$23:$Q$78,8,FALSE) -> 0 | T11: =VLOOKUP(D11,'Obs Conc_1'!$C$23:$Q$78,9,FALSE) -> 17.34 | U11: =VLOOKUP(D11,'Obs Conc %CV_1'!$C$23:$Q$78,9,FALSE) -> 0 | V11: =VLOOKUP(D11,'Obs Conc_1'!$C$23:$Q$78,10,FALSE) -> 308.15 | W11: =VLOOKUP(D11,'Obs Conc %CV_1'!$C$23:$Q$78,10,FALSE) -> 0 | X11: =VLOOKUP(D11,'Obs Conc_1'!$C$23:$Q$78,11,FALSE) -> OOR < | Y11: =VLOOKUP(D11,'Obs Conc %CV_1'!$C$23:$Q$78,11,FALSE) -> 0 | Z11: =VLOOKUP(D11,'Obs Conc_1'!$C$23:$Q$78,12,FALSE) -> OOR < | AA11: =VLOOKUP(D11,'Obs Conc %CV_1'!$C$23:$Q$78,12,FALSE) -> 0 | AB11: =VLOOKUP(D11,'Obs Conc_1'!$C$23:$Q$78,13,FALSE) -> OOR < | AC11: =VLOOKUP(D11,'Obs Conc %CV_1'!$C$23:$Q$78,13,FALSE) -> 0 | AD11: =VLOOKUP(D11,'Obs Conc_1'!$C$23:$Q$78,14,FALSE) -> OOR < | AE11: =VLOOKUP(D11,'Obs Conc %CV_1'!$C$23:$Q$78,14,FALSE) -> 0 | AF11: =VLOOKUP(D11,'Obs Conc_1'!$C$23:$Q$78,15,FALSE) -> OOR < | AG11: =VLOOKUP(D11,'Obs Conc %CV_1'!$C$23:$Q$78,15,FALSE) -> 0
A12: ADRECMO | B12: box 1 | C12: ADRECMO-04_SR_J3 | D12: A011 | E12: serum | F12: =VLOOKUP(D12,'Obs Conc_1'!$C$23:$Q$78,2,FALSE) -> OOR < | G12: =VLOOKUP(D12,'Obs Conc %CV_1'!$C$23:$Q$78,2,FALSE) -> 0 | H12: =VLOOKUP(D12,'Obs Conc_1'!$C$23:$Q$78,3,FALSE) -> OOR < | I12: =VLOOKUP(D12,'Obs Conc %CV_1'!$C$23:$Q$78,3,FALSE) -> 0 | J12: =VLOOKUP(D12,'Obs Conc_1'!$C$23:$Q$78,4,FALSE) -> OOR < | K12: =VLOOKUP(D12,'Obs Conc %CV_1'!$C$23:$Q$78,4,FALSE) -> 0 | L12: =VLOOKUP(D12,'Obs Conc_1'!$C$23:$Q$78,5,FALSE) -> OOR < | M12: =VLOOKUP(D12,'Obs Conc %CV_1'!$C$23:$Q$78,5,FALSE) -> 0 | N12: =VLOOKUP(D12,'Obs Conc_1'!$C$23:$Q$78,6,FALSE) -> OOR < | O12: =VLOOKUP(D12,'Obs Conc %CV_1'!$C$23:$Q$78,6,FALSE) -> 0 | P12: =VLOOKUP(D12,'Obs Conc_1'!$C$23:$Q$78,7,FALSE) -> 13.34 | Q12: =VLOOKUP(D12,'Obs Conc %CV_1'!$C$23:$Q$78,7,FALSE) -> 0 | R12: =VLOOKUP(D12,'Obs Conc_1'!$C$23:$Q$78,8,FALSE) -> *2.06 | S12: =VLOOKUP(D12,'Obs Conc %CV_1'!$C$23:$Q$78,8,FALSE) -> 0 | T12: =VLOOKUP(D12,'Obs Conc_1'!$C$23:$Q$78,9,FALSE) -> OOR < | U12: =VLOOKUP(D12,'Obs Conc %CV_1'!$C$23:$Q$78,9,FALSE) -> 0 | V12: =VLOOKUP(D12,'Obs Conc_1'!$C$23:$Q$78,10,FALSE) -> 267.51 | W12: =VLOOKUP(D12,'Obs Conc %CV_1'!$C$23:$Q$78,10,FALSE) -> 0 | X12: =VLOOKUP(D12,'Obs Conc_1'!$C$23:$Q$78,11,FALSE) -> OOR < | Y12: =VLOOKUP(D12,'Obs Conc %CV_1'!$C$23:$Q$78,11,FALSE) -> 0 | Z12: =VLOOKUP(D12,'Obs Conc_1'!$C$23:$Q$78,12,FALSE) -> OOR < | AA12: =VLOOKUP(D12,'Obs Conc %CV_1'!$C$23:$Q$78,12,FALSE) -> 0 | AB12: =VLOOKUP(D12,'Obs Conc_1'!$C$23:$Q$78,13,FALSE) -> OOR < | AC12: =VLOOKUP(D12,'Obs Conc %CV_1'!$C$23:$Q$78,13,FALSE) -> 0 | AD12: =VLOOKUP(D12,'Obs Conc_1'!$C$23:$Q$78,14,FALSE) -> OOR < | AE12: =VLOOKUP(D12,'Obs Conc %CV_1'!$C$23:$Q$78,14,FALSE) -> 0 | AF12: =VLOOKUP(D12,'Obs Conc_1'!$C$23:$Q$78,15,FALSE) -> OOR < | AG12: =VLOOKUP(D12,'Obs Conc %CV_1'!$C$23:$Q$78,15,FALSE) -> 0
A13: ADRECMO | B13: box 1 | C13: ADRECMO-04_SR_JS | D13: A012 | E13: serum | F13: =VLOOKUP(D13,'Obs Conc_1'!$C$23:$Q$78,2,FALSE) -> OOR < | G13: =VLOOKUP(D13,'Obs Conc %CV_1'!$C$23:$Q$78,2,FALSE) -> 0 | H13: =VLOOKUP(D13,'Obs Conc_1'!$C$23:$Q$78,3,FALSE) -> OOR < | I13: =VLOOKUP(D13,'Obs Conc %CV_1'!$C$23:$Q$78,3,FALSE) -> 0 | J13: =VLOOKUP(D13,'Obs Conc_1'!$C$23:$Q$78,4,FALSE) -> OOR < | K13: =VLOOKUP(D13,'Obs Conc %CV_1'!$C$23:$Q$78,4,FALSE) -> 0 | L13: =VLOOKUP(D13,'Obs Conc_1'!$C$23:$Q$78,5,FALSE) -> OOR < | M13: =VLOOKUP(D13,'Obs Conc %CV_1'!$C$23:$Q$78,5,FALSE) -> 0 | N13: =VLOOKUP(D13,'Obs Conc_1'!$C$23:$Q$78,6,FALSE) -> *1.21 | O13: =VLOOKUP(D13,'Obs Conc %CV_1'!$C$23:$Q$78,6,FALSE) -> 0 | P13: =VLOOKUP(D13,'Obs Conc_1'!$C$23:$Q$78,7,FALSE) -> 8.49 | Q13: =VLOOKUP(D13,'Obs Conc %CV_1'!$C$23:$Q$78,7,FALSE) -> 0 | R13: =VLOOKUP(D13,'Obs Conc_1'!$C$23:$Q$78,8,FALSE) -> 8.1 | S13: =VLOOKUP(D13,'Obs Conc %CV_1'!$C$23:$Q$78,8,FALSE) -> 0 | T13: =VLOOKUP(D13,'Obs Conc_1'!$C$23:$Q$78,9,FALSE) -> OOR < | U13: =VLOOKUP(D13,'Obs Conc %CV_1'!$C$23:$Q$78,9,FALSE) -> 0 | V13: =VLOOKUP(D13,'Obs Conc_1'!$C$23:$Q$78,10,FALSE) -> 327.98 | W13: =VLOOKUP(D13,'Obs Conc %CV_1'!$C$23:$Q$78,10,FALSE) -> 0 | X13: =VLOOKUP(D13,'Obs Conc_1'!$C$23:$Q$78,11,FALSE) -> OOR < | Y13: =VLOOKUP(D13,'Obs Conc %CV_1'!$C$23:$Q$78,11,FALSE) -> 0 | Z13: =VLOOKUP(D13,'Obs Conc_1'!$C$23:$Q$78,12,FALSE) -> OOR < | AA13: =VLOOKUP(D13,'Obs Conc %CV_1'!$C$23:$Q$78,12,FALSE) -> 0 | AB13: =VLOOKUP(D13,'Obs Conc_1'!$C$23:$Q$78,13,FALSE) -> OOR < | AC13: =VLOOKUP(D13,'Obs Conc %CV_1'!$C$23:$Q$78,13,FALSE) -> 0 | AD13: =VLOOKUP(D13,'Obs Conc_1'!$C$23:$Q$78,14,FALSE) -> OOR < | AE13: =VLOOKUP(D13,'Obs Conc %CV_1'!$C$23:$Q$78,14,FALSE) -> 0 | AF13: =VLOOKUP(D13,'Obs Conc_1'!$C$23:$Q$78,15,FALSE) -> OOR < | AG13: =VLOOKUP(D13,'Obs Conc %CV_1'!$C$23:$Q$78,15,FALSE) -> 0
... A57: ADRECMO | B57: box 1 | C57: ADRECMO-25_SR_JS | D57: A056 | E57: serum | F57: =VLOOKUP(D57,'Obs Conc_1'!$C$23:$Q$78,2,FALSE) -> *7.54 | G57: =VLOOKUP(D57,'Obs Conc %CV_1'!$C$23:$Q$78,2,FALSE) -> 25.85 | H57: =VLOOKUP(D57,'Obs Conc_1'!$C$23:$Q$78,3,FALSE) -> OOR < | I57: =VLOOKUP(D57,'Obs Conc %CV_1'!$C$23:$Q$78,3,FALSE) -> 0 | J57: =VLOOKUP(D57,'Obs Conc_1'!$C$23:$Q$78,4,FALSE) -> OOR < | K57: =VLOOKUP(D57,'Obs Conc %CV_1'!$C$23:$Q$78,4,FALSE) -> 0 | L57: =VLOOKUP(D57,'Obs Conc_1'!$C$23:$Q$78,5,FALSE) -> OOR < | M57: =VLOOKUP(D57,'Obs Conc %CV_1'!$C$23:$Q$78,5,FALSE) -> 0 | N57: =VLOOKUP(D57,'Obs Conc_1'!$C$23:$Q$78,6,FALSE) -> OOR < | O57: =VLOOKUP(D57,'Obs Conc %CV_1'!$C$23:$Q$78,6,FALSE) -> 0 | P57: =VLOOKUP(D57,'Obs Conc_1'!$C$23:$Q$78,7,FALSE) -> 34.9 | Q57: =VLOOKUP(D57,'Obs Conc %CV_1'!$C$23:$Q$78,7,FALSE) -> 4.22 | R57: =VLOOKUP(D57,'Obs Conc_1'!$C$23:$Q$78,8,FALSE) -> 146.77 | S57: =VLOOKUP(D57,'Obs Conc %CV_1'!$C$23:$Q$78,8,FALSE) -> 13.31 | T57: =VLOOKUP(D57,'Obs Conc_1'!$C$23:$Q$78,9,FALSE) -> OOR < | U57: =VLOOKUP(D57,'Obs Conc %CV_1'!$C$23:$Q$78,9,FALSE) -> 0 | V57: =VLOOKUP(D57,'Obs Conc_1'!$C$23:$Q$78,10,FALSE) -> 693.32 | W57: =VLOOKUP(D57,'Obs Conc %CV_1'!$C$23:$Q$78,10,FALSE) -> 13.22 | X57: =VLOOKUP(D57,'Obs Conc_1'!$C$23:$Q$78,11,FALSE) -> OOR < | Y57: =VLOOKUP(D57,'Obs Conc %CV_1'!$C$23:$Q$78,11,FALSE) -> 0 | Z57: =VLOOKUP(D57,'Obs Conc_1'!$C$23:$Q$78,12,FALSE) -> OOR < | AA57: =VLOOKUP(D57,'Obs Conc %CV_1'!$C$23:$Q$78,12,FALSE) -> 0 | AB57: =VLOOKUP(D57,'Obs Conc_1'!$C$23:$Q$78,13,FALSE) -> OOR < | AC57: =VLOOKUP(D57,'Obs Conc %CV_1'!$C$23:$Q$78,13,FALSE) -> 0 | AD57: =VLOOKUP(D57,'Obs Conc_1'!$C$23:$Q$78,14,FALSE) -> OOR < | AE57: =VLOOKUP(D57,'Obs Conc %CV_1'!$C$23:$Q$78,14,FALSE) -> 0 | AF57: =VLOOKUP(D57,'Obs Conc_1'!$C$23:$Q$78,15,FALSE) -> OOR < | AG57: =VLOOKUP(D57,'Obs Conc %CV_1'!$C$23:$Q$78,15,FALSE) -> 0
A58: ADRECMO | B58: box 1 | C58: ADRECMO-26_SR_J0 | D58: A057 | E58: serum | F58: =VLOOKUP(D58,'Obs Conc_2'!$C$23:$Q$78,2,FALSE) -> OOR < | G58: =VLOOKUP(D58,'Obs Conc %CV_2'!$C$23:$Q$78,2,FALSE) -> 0 | H58: =VLOOKUP(F58,'Obs Conc_2'!$E$23:$S$78,3,FALSE) -> OOR < | I58: =VLOOKUP(D58,'Obs Conc %CV_2'!$C$23:$Q$78,3,FALSE) -> 0 | J58: =VLOOKUP(D58,'Obs Conc_2'!$C$23:$Q$78,4,FALSE) -> OOR < | K58: =VLOOKUP(D58,'Obs Conc %CV_2'!$C$23:$Q$78,4,FALSE) -> 0 | L58: =VLOOKUP(D58,'Obs Conc_2'!$C$23:$Q$78,5,FALSE) -> OOR < | M58: =VLOOKUP(D58,'Obs Conc %CV_2'!$C$23:$Q$78,5,FALSE) -> 0 | N58: =VLOOKUP(D58,'Obs Conc_2'!$C$23:$Q$78,6,FALSE) -> OOR < | O58: =VLOOKUP(D58,'Obs Conc %CV_2'!$C$23:$Q$78,6,FALSE) -> 0 | P58: =VLOOKUP(D58,'Obs Conc_2'!$C$23:$Q$78,7,FALSE) -> 58.28 | Q58: =VLOOKUP(D58,'Obs Conc %CV_2'!$C$23:$Q$78,7,FALSE) -> 5.79 | R58: =VLOOKUP(D58,'Obs Conc_2'!$C$23:$Q$78,8,FALSE) -> 3.8 | S58: =VLOOKUP(D58,'Obs Conc %CV_2'!$C$23:$Q$78,8,FALSE) -> 36.38 | T58: =VLOOKUP(D58,'Obs Conc_2'!$C$23:$Q$78,9,FALSE) -> OOR < | U58: =VLOOKUP(D58,'Obs Conc %CV_2'!$C$23:$Q$78,9,FALSE) -> 0 | V58: =VLOOKUP(D58,'Obs Conc_2'!$C$23:$Q$78,10,FALSE) -> 470.06 | W58: =VLOOKUP(D58,'Obs Conc %CV_2'!$C$23:$Q$78,10,FALSE) -> 6.33 | X58: =VLOOKUP(D58,'Obs Conc_2'!$C$23:$Q$78,11,FALSE) -> OOR < | Y58: =VLOOKUP(D58,'Obs Conc %CV_2'!$C$23:$Q$78,11,FALSE) -> 0 | Z58: =VLOOKUP(D58,'Obs Conc_2'!$C$23:$Q$78,12,FALSE) -> OOR < | AA58: =VLOOKUP(D58,'Obs Conc %CV_2'!$C$23:$Q$78,12,FALSE) -> 0 | AB58: =VLOOKUP(D58,'Obs Conc_2'!$C$23:$Q$78,13,FALSE) -> OOR < | AC58: =VLOOKUP(D58,'Obs Conc %CV_2'!$C$23:$Q$78,13,FALSE) -> 0 | AD58: =VLOOKUP(D58,'Obs Conc_2'!$C$23:$Q$78,14,FALSE) -> OOR < | AE58: =VLOOKUP(D58,'Obs Conc %CV_2'!$C$23:$Q$78,14,FALSE) -> 0 | AF58: =VLOOKUP(D58,'Obs Conc_2'!$C$23:$Q$78,15,FALSE) -> OOR < | AG58: =VLOOKUP(D58,'Obs Conc %CV_2'!$C$23:$Q$78,15,FALSE) -> 0
A59: ADRECMO | B59: box 1 | C59: ADRECMO-26_SR_J3 | D59: A058 | E59: serum | F59: =VLOOKUP(D59,'Obs Conc_2'!$C$23:$Q$78,2,FALSE) -> OOR < | G59: =VLOOKUP(D59,'Obs Conc %CV_2'!$C$23:$Q$78,2,FALSE) -> 0 | H59: =VLOOKUP(F59,'Obs Conc_2'!$E$23:$S$78,3,FALSE) -> OOR < | I59: =VLOOKUP(D59,'Obs Conc %CV_2'!$C$23:$Q$78,3,FALSE) -> 0 | J59: =VLOOKUP(D59,'Obs Conc_2'!$C$23:$Q$78,4,FALSE) -> OOR < | K59: =VLOOKUP(D59,'Obs Conc %CV_2'!$C$23:$Q$78,4,FALSE) -> 0 | L59: =VLOOKUP(D59,'Obs Conc_2'!$C$23:$Q$78,5,FALSE) -> OOR < | M59: =VLOOKUP(D59,'Obs Conc %CV_2'!$C$23:$Q$78,5,FALSE) -> 0 | N59: =VLOOKUP(D59,'Obs Conc_2'!$C$23:$Q$78,6,FALSE) -> OOR < | O59: =VLOOKUP(D59,'Obs Conc %CV_2'!$C$23:$Q$78,6,FALSE) -> 0 | P59: =VLOOKUP(D59,'Obs Conc_2'!$C$23:$Q$78,7,FALSE) -> 62.01 | Q59: =VLOOKUP(D59,'Obs Conc %CV_2'!$C$23:$Q$78,7,FALSE) -> 15.42 | R59: =VLOOKUP(D59,'Obs Conc_2'!$C$23:$Q$78,8,FALSE) -> 3.06 | S59: =VLOOKUP(D59,'Obs Conc %CV_2'!$C$23:$Q$78,8,FALSE) -> 61.68 | T59: =VLOOKUP(D59,'Obs Conc_2'!$C$23:$Q$78,9,FALSE) -> OOR < | U59: =VLOOKUP(D59,'Obs Conc %CV_2'!$C$23:$Q$78,9,FALSE) -> 0 | V59: =VLOOKUP(D59,'Obs Conc_2'!$C$23:$Q$78,10,FALSE) -> 506.1 | W59: =VLOOKUP(D59,'Obs Conc %CV_2'!$C$23:$Q$78,10,FALSE) -> 5.5 | X59: =VLOOKUP(D59,'Obs Conc_2'!$C$23:$Q$78,11,FALSE) -> OOR < | Y59: =VLOOKUP(D59,'Obs Conc %CV_2'!$C$23:$Q$78,11,FALSE) -> 0 | Z59: =VLOOKUP(D59,'Obs Conc_2'!$C$23:$Q$78,12,FALSE) -> OOR < | AA59: =VLOOKUP(D59,'Obs Conc %CV_2'!$C$23:$Q$78,12,FALSE) -> 0 | AB59: =VLOOKUP(D59,'Obs Conc_2'!$C$23:$Q$78,13,FALSE) -> OOR < | AC59: =VLOOKUP(D59,'Obs Conc %CV_2'!$C$23:$Q$78,13,FALSE) -> 0 | AD59: =VLOOKUP(D59,'Obs Conc_2'!$C$23:$Q$78,14,FALSE) -> OOR < | AE59: =VLOOKUP(D59,'Obs Conc %CV_2'!$C$23:$Q$78,14,FALSE) -> 0 | AF59: =VLOOKUP(D59,'Obs Conc_2'!$C$23:$Q$78,15,FALSE) -> OOR < | AG59: =VLOOKUP(D59,'Obs Conc %CV_2'!$C$23:$Q$78,15,FALSE) -> 0
A60: ADRECMO | B60: box 1 | C60: ADRECMO-26_SR_JS | D60: A059 | E60: serum | F60: =VLOOKUP(D60,'Obs Conc_2'!$C$23:$Q$78,2,FALSE) -> OOR < | G60: =VLOOKUP(D60,'Obs Conc %CV_2'!$C$23:$Q$78,2,FALSE) -> 0 | H60: =VLOOKUP(F60,'Obs Conc_2'!$E$23:$S$78,3,FALSE) -> OOR < | I60: =VLOOKUP(D60,'Obs Conc %CV_2'!$C$23:$Q$78,3,FALSE) -> 0 | J60: =VLOOKUP(D60,'Obs Conc_2'!$C$23:$Q$78,4,FALSE) -> OOR < | K60: =VLOOKUP(D60,'Obs Conc %CV_2'!$C$23:$Q$78,4,FALSE) -> 0 | L60: =VLOOKUP(D60,'Obs Conc_2'!$C$23:$Q$78,5,FALSE) -> OOR < | M60: =VLOOKUP(D60,'Obs Conc %CV_2'!$C$23:$Q$78,5,FALSE) -> 0 | N60: =VLOOKUP(D60,'Obs Conc_2'!$C$23:$Q$78,6,FALSE) -> OOR < | O60: =VLOOKUP(D60,'Obs Conc %CV_2'!$C$23:$Q$78,6,FALSE) -> 0 | P60: =VLOOKUP(D60,'Obs Conc_2'!$C$23:$Q$78,7,FALSE) -> 16.93 | Q60: =VLOOKUP(D60,'Obs Conc %CV_2'!$C$23:$Q$78,7,FALSE) -> 0 | R60: =VLOOKUP(D60,'Obs Conc_2'!$C$23:$Q$78,8,FALSE) -> 4.34 | S60: =VLOOKUP(D60,'Obs Conc %CV_2'!$C$23:$Q$78,8,FALSE) -> 40.59 | T60: =VLOOKUP(D60,'Obs Conc_2'!$C$23:$Q$78,9,FALSE) -> OOR < | U60: =VLOOKUP(D60,'Obs Conc %CV_2'!$C$23:$Q$78,9,FALSE) -> 0 | V60: =VLOOKUP(D60,'Obs Conc_2'!$C$23:$Q$78,10,FALSE) -> 695.43 | W60: =VLOOKUP(D60,'Obs Conc %CV_2'!$C$23:$Q$78,10,FALSE) -> 3.2 | X60: =VLOOKUP(D60,'Obs Conc_2'!$C$23:$Q$78,11,FALSE) -> OOR < | Y60: =VLOOKUP(D60,'Obs Conc %CV_2'!$C$23:$Q$78,11,FALSE) -> 0 | Z60: =VLOOKUP(D60,'Obs Conc_2'!$C$23:$Q$78,12,FALSE) -> OOR < | AA60: =VLOOKUP(D60,'Obs Conc %CV_2'!$C$23:$Q$78,12,FALSE) -> 0 | AB60: =VLOOKUP(D60,'Obs Conc_2'!$C$23:$Q$78,13,FALSE) -> OOR < | AC60: =VLOOKUP(D60,'Obs Conc %CV_2'!$C$23:$Q$78,13,FALSE) -> 0 | AD60: =VLOOKUP(D60,'Obs Conc_2'!$C$23:$Q$78,14,FALSE) -> OOR < | AE60: =VLOOKUP(D60,'Obs Conc %CV_2'!$C$23:$Q$78,14,FALSE) -> 0 | AF60: =VLOOKUP(D60,'Obs Conc_2'!$C$23:$Q$78,15,FALSE) -> OOR < | AG60: =VLOOKUP(D60,'Obs Conc %CV_2'!$C$23:$Q$78,15,FALSE) -> 0
A61: ADRECMO | B61: box 1 | C61: ADRECMO-27_SR_J0 | D61: A060 | E61: serum | F61: =VLOOKUP(D61,'Obs Conc_2'!$C$23:$Q$78,2,FALSE) -> OOR < | G61: =VLOOKUP(D61,'Obs Conc %CV_2'!$C$23:$Q$78,2,FALSE) -> 0 | H61: =VLOOKUP(F61,'Obs Conc_2'!$E$23:$S$78,3,FALSE) -> OOR < | I61: =VLOOKUP(D61,'Obs Conc %CV_2'!$C$23:$Q$78,3,FALSE) -> 0 | J61: =VLOOKUP(D61,'Obs Conc_2'!$C$23:$Q$78,4,FALSE) -> OOR < | K61: =VLOOKUP(D61,'Obs Conc %CV_2'!$C$23:$Q$78,4,FALSE) -> 0 | L61: =VLOOKUP(D61,'Obs Conc_2'!$C$23:$Q$78,5,FALSE) -> OOR < | M61: =VLOOKUP(D61,'Obs Conc %CV_2'!$C$23:$Q$78,5,FALSE) -> 0 | N61: =VLOOKUP(D61,'Obs Conc_2'!$C$23:$Q$78,6,FALSE) -> OOR < | O61: =VLOOKUP(D61,'Obs Conc %CV_2'!$C$23:$Q$78,6,FALSE) -> 0 | P61: =VLOOKUP(D61,'Obs Conc_2'!$C$23:$Q$78,7,FALSE) -> 173.35 | Q61: =VLOOKUP(D61,'Obs Conc %CV_2'!$C$23:$Q$78,7,FALSE) -> 1.9 | R61: =VLOOKUP(D61,'Obs Conc_2'!$C$23:$Q$78,8,FALSE) -> 50.67 | S61: =VLOOKUP(D61,'Obs Conc %CV_2'!$C$23:$Q$78,8,FALSE) -> 0.46 | T61: =VLOOKUP(D61,'Obs Conc_2'!$C$23:$Q$78,9,FALSE) -> 2.25 | U61: =VLOOKUP(D61,'Obs Conc %CV_2'!$C$23:$Q$78,9,FALSE) -> 45.16 | V61: =VLOOKUP(D61,'Obs Conc_2'!$C$23:$Q$78,10,FALSE) -> 699.72 | W61: =VLOOKUP(D61,'Obs Conc %CV_2'!$C$23:$Q$78,10,FALSE) -> 10.81 | X61: =VLOOKUP(D61,'Obs Conc_2'!$C$23:$Q$78,11,FALSE) -> OOR < | Y61: =VLOOKUP(D61,'Obs Conc %CV_2'!$C$23:$Q$78,11,FALSE) -> 0 | Z61: =VLOOKUP(D61,'Obs Conc_2'!$C$23:$Q$78,12,FALSE) -> OOR < | AA61: =VLOOKUP(D61,'Obs Conc %CV_2'!$C$23:$Q$78,12,FALSE) -> 0 | AB61: =VLOOKUP(D61,'Obs Conc_2'!$C$23:$Q$78,13,FALSE) -> OOR < | AC61: =VLOOKUP(D61,'Obs Conc %CV_2'!$C$23:$Q$78,13,FALSE) -> 0 | AD61: =VLOOKUP(D61,'Obs Conc_2'!$C$23:$Q$78,14,FALSE) -> OOR < | AE61: =VLOOKUP(D61,'Obs Conc %CV_2'!$C$23:$Q$78,14,FALSE) -> 0 | AF61: =VLOOKUP(D61,'Obs Conc_2'!$C$23:$Q$78,15,FALSE) -> OOR < | AG61: =VLOOKUP(D61,'Obs Conc %CV_2'!$C$23:$Q$78,15,FALSE) -> 0
A62: ADRECMO | B62: box 1 | C62: ADRECMO-27_SR_J5 | D62: A061 | E62: serum | F62: =VLOOKUP(D62,'Obs Conc_2'!$C$23:$Q$78,2,FALSE) -> OOR < | G62: =VLOOKUP(D62,'Obs Conc %CV_2'!$C$23:$Q$78,2,FALSE) -> 0 | H62: =VLOOKUP(F62,'Obs Conc_2'!$E$23:$S$78,3,FALSE) -> OOR < | I62: =VLOOKUP(D62,'Obs Conc %CV_2'!$C$23:$Q$78,3,FALSE) -> 0 | J62: =VLOOKUP(D62,'Obs Conc_2'!$C$23:$Q$78,4,FALSE) -> OOR < | K62: =VLOOKUP(D62,'Obs Conc %CV_2'!$C$23:$Q$78,4,FALSE) -> 0 | L62: =VLOOKUP(D62,'Obs Conc_2'!$C$23:$Q$78,5,FALSE) -> OOR < | M62: =VLOOKUP(D62,'Obs Conc %CV_2'!$C$23:$Q$78,5,FALSE) -> 0 | N62: =VLOOKUP(D62,'Obs Conc_2'!$C$23:$Q$78,6,FALSE) -> OOR < | O62: =VLOOKUP(D62,'Obs Conc %CV_2'!$C$23:$Q$78,6,FALSE) -> 0 | P62: =VLOOKUP(D62,'Obs Conc_2'!$C$23:$Q$78,7,FALSE) -> 12.76 | Q62: =VLOOKUP(D62,'Obs Conc %CV_2'!$C$23:$Q$78,7,FALSE) -> 28.47 | R62: =VLOOKUP(D62,'Obs Conc_2'!$C$23:$Q$78,8,FALSE) -> *1.37 | S62: =VLOOKUP(D62,'Obs Conc %CV_2'!$C$23:$Q$78,8,FALSE) -> 121.82 | T62: =VLOOKUP(D62,'Obs Conc_2'!$C$23:$Q$78,9,FALSE) -> OOR < | U62: =VLOOKUP(D62,'Obs Conc %CV_2'!$C$23:$Q$78,9,FALSE) -> 0 | V62: =VLOOKUP(D62,'Obs Conc_2'!$C$23:$Q$78,10,FALSE) -> 456.5 | W62: =VLOOKUP(D62,'Obs Conc %CV_2'!$C$23:$Q$78,10,FALSE) -> 4.64 | X62: =VLOOKUP(D62,'Obs Conc_2'!$C$23:$Q$78,11,FALSE) -> OOR < | Y62: =VLOOKUP(D62,'Obs Conc %CV_2'!$C$23:$Q$78,11,FALSE) -> 0 | Z62: =VLOOKUP(D62,'Obs Conc_2'!$C$23:$Q$78,12,FALSE) -> OOR < | AA62: =VLOOKUP(D62,'Obs Conc %CV_2'!$C$23:$Q$78,12,FALSE) -> 0 | AB62: =VLOOKUP(D62,'Obs Conc_2'!$C$23:$Q$78,13,FALSE) -> OOR < | AC62: =VLOOKUP(D62,'Obs Conc %CV_2'!$C$23:$Q$78,13,FALSE) -> 0 | AD62: =VLOOKUP(D62,'Obs Conc_2'!$C$23:$Q$78,14,FALSE) -> OOR < | AE62: =VLOOKUP(D62,'Obs Conc %CV_2'!$C$23:$Q$78,14,FALSE) -> 0 | AF62: =VLOOKUP(D62,'Obs Conc_2'!$C$23:$Q$78,15,FALSE) -> OOR < | AG62: =VLOOKUP(D62,'Obs Conc %CV_2'!$C$23:$Q$78,15,FALSE) -> 0
A63: ADRECMO | B63: box 1 | C63: ADRECMO-28_SR_J0 | D63: A062 | E63: serum | F63: =VLOOKUP(D63,'Obs Conc_2'!$C$23:$Q$78,2,FALSE) -> OOR < | G63: =VLOOKUP(D63,'Obs Conc %CV_2'!$C$23:$Q$78,2,FALSE) -> 0 | H63: =VLOOKUP(F63,'Obs Conc_2'!$E$23:$S$78,3,FALSE) -> OOR < | I63: =VLOOKUP(D63,'Obs Conc %CV_2'!$C$23:$Q$78,3,FALSE) -> 0 | J63: =VLOOKUP(D63,'Obs Conc_2'!$C$23:$Q$78,4,FALSE) -> OOR < | K63: =VLOOKUP(D63,'Obs Conc %CV_2'!$C$23:$Q$78,4,FALSE) -> 0 | L63: =VLOOKUP(D63,'Obs Conc_2'!$C$23:$Q$78,5,FALSE) -> OOR < | M63: =VLOOKUP(D63,'Obs Conc %CV_2'!$C$23:$Q$78,5,FALSE) -> 0 | N63: =VLOOKUP(D63,'Obs Conc_2'!$C$23:$Q$78,6,FALSE) -> OOR < | O63: =VLOOKUP(D63,'Obs Conc %CV_2'!$C$23:$Q$78,6,FALSE) -> 0 | P63: =VLOOKUP(D63,'Obs Conc_2'!$C$23:$Q$78,7,FALSE) -> 448.86 | Q63: =VLOOKUP(D63,'Obs Conc %CV_2'!$C$23:$Q$78,7,FALSE) -> 9.25 | R63: =VLOOKUP(D63,'Obs Conc_2'!$C$23:$Q$78,8,FALSE) -> 26.75 | S63: =VLOOKUP(D63,'Obs Conc %CV_2'!$C$23:$Q$78,8,FALSE) -> 19.43 | T63: =VLOOKUP(D63,'Obs Conc_2'!$C$23:$Q$78,9,FALSE) -> 19.41 | U63: =VLOOKUP(D63,'Obs Conc %CV_2'!$C$23:$Q$78,9,FALSE) -> 11.62 | V63: =VLOOKUP(D63,'Obs Conc_2'!$C$23:$Q$78,10,FALSE) -> 682.55 | W63: =VLOOKUP(D63,'Obs Conc %CV_2'!$C$23:$Q$78,10,FALSE) -> 11.06 | X63: =VLOOKUP(D63,'Obs Conc_2'!$C$23:$Q$78,11,FALSE) -> OOR < | Y63: =VLOOKUP(D63,'Obs Conc %CV_2'!$C$23:$Q$78,11,FALSE) -> 0 | Z63: =VLOOKUP(D63,'Obs Conc_2'!$C$23:$Q$78,12,FALSE) -> OOR < | AA63: =VLOOKUP(D63,'Obs Conc %CV_2'!$C$23:$Q$78,12,FALSE) -> 0 | AB63: =VLOOKUP(D63,'Obs Conc_2'!$C$23:$Q$78,13,FALSE) -> OOR < | AC63: =VLOOKUP(D63,'Obs Conc %CV_2'!$C$23:$Q$78,13,FALSE) -> 0 | AD63: =VLOOKUP(D63,'Obs Conc_2'!$C$23:$Q$78,14,FALSE) -> OOR < | AE63: =VLOOKUP(D63,'Obs Conc %CV_2'!$C$23:$Q$78,14,FALSE) -> 0 | AF63: =VLOOKUP(D63,'Obs Conc_2'!$C$23:$Q$78,15,FALSE) -> OOR < | AG63: =VLOOKUP(D63,'Obs Conc %CV_2'!$C$23:$Q$78,15,FALSE) -> 0
A64: ADRECMO | B64: box 1 | C64: ADRECMO-29_SR_J0 | D64: A063 | E64: serum | F64: =VLOOKUP(D64,'Obs Conc_2'!$C$23:$Q$78,2,FALSE) -> OOR < | G64: =VLOOKUP(D64,'Obs Conc %CV_2'!$C$23:$Q$78,2,FALSE) -> 0 | H64: =VLOOKUP(F64,'Obs Conc_2'!$E$23:$S$78,3,FALSE) -> OOR < | I64: =VLOOKUP(D64,'Obs Conc %CV_2'!$C$23:$Q$78,3,FALSE) -> 0 | J64: =VLOOKUP(D64,'Obs Conc_2'!$C$23:$Q$78,4,FALSE) -> OOR < | K64: =VLOOKUP(D64,'Obs Conc %CV_2'!$C$23:$Q$78,4,FALSE) -> 0 | L64: =VLOOKUP(D64,'Obs Conc_2'!$C$23:$Q$78,5,FALSE) -> OOR < | M64: =VLOOKUP(D64,'Obs Conc %CV_2'!$C$23:$Q$78,5,FALSE) -> 0 | N64: =VLOOKUP(D64,'Obs Conc_2'!$C$23:$Q$78,6,FALSE) -> OOR < | O64: =VLOOKUP(D64,'Obs Conc %CV_2'!$C$23:$Q$78,6,FALSE) -> 0 | P64: =VLOOKUP(D64,'Obs Conc_2'!$C$23:$Q$78,7,FALSE) -> 268.46 | Q64: =VLOOKUP(D64,'Obs Conc %CV_2'!$C$23:$Q$78,7,FALSE) -> 13.77 | R64: =VLOOKUP(D64,'Obs Conc_2'!$C$23:$Q$78,8,FALSE) -> 12.5 | S64: =VLOOKUP(D64,'Obs Conc %CV_2'!$C$23:$Q$78,8,FALSE) -> 18.32 | T64: =VLOOKUP(D64,'Obs Conc_2'!$C$23:$Q$78,9,FALSE) -> 14.51 | U64: =VLOOKUP(D64,'Obs Conc %CV_2'!$C$23:$Q$78,9,FALSE) -> 11.45 | V64: =VLOOKUP(D64,'Obs Conc_2'!$C$23:$Q$78,10,FALSE) -> 481.29 | W64: =VLOOKUP(D64,'Obs Conc %CV_2'!$C$23:$Q$78,10,FALSE) -> 12.51 | X64: =VLOOKUP(D64,'Obs Conc_2'!$C$23:$Q$78,11,FALSE) -> OOR < | Y64: =VLOOKUP(D64,'Obs Conc %CV_2'!$C$23:$Q$78,11,FALSE) -> 0 | Z64: =VLOOKUP(D64,'Obs Conc_2'!$C$23:$Q$78,12,FALSE) -> OOR < | AA64: =VLOOKUP(D64,'Obs Conc %CV_2'!$C$23:$Q$78,12,FALSE) -> 0 | AB64: =VLOOKUP(D64,'Obs Conc_2'!$C$23:$Q$78,13,FALSE) -> OOR < | AC64: =VLOOKUP(D64,'Obs Conc %CV_2'!$C$23:$Q$78,13,FALSE) -> 0 | AD64: =VLOOKUP(D64,'Obs Conc_2'!$C$23:$Q$78,14,FALSE) -> OOR < | AE64: =VLOOKUP(D64,'Obs Conc %CV_2'!$C$23:$Q$78,14,FALSE) -> 0 | AF64: =VLOOKUP(D64,'Obs Conc_2'!$C$23:$Q$78,15,FALSE) -> OOR < | AG64: =VLOOKUP(D64,'Obs Conc %CV_2'!$C$23:$Q$78,15,FALSE) -> 0
A65: ADRECMO | B65: box 1 | C65: ADRECMO-28_SR_J3 | D65: A064 | E65: serum | F65: =VLOOKUP(D65,'Obs Conc_2'!$C$23:$Q$78,2,FALSE) -> OOR < | G65: =VLOOKUP(D65,'Obs Conc %CV_2'!$C$23:$Q$78,2,FALSE) -> 0 | H65: =VLOOKUP(F65,'Obs Conc_2'!$E$23:$S$78,3,FALSE) -> OOR < | I65: =VLOOKUP(D65,'Obs Conc %CV_2'!$C$23:$Q$78,3,FALSE) -> 0 | J65: =VLOOKUP(D65,'Obs Conc_2'!$C$23:$Q$78,4,FALSE) -> OOR < | K65: =VLOOKUP(D65,'Obs Conc %CV_2'!$C$23:$Q$78,4,FALSE) -> 0 | L65: =VLOOKUP(D65,'Obs Conc_2'!$C$23:$Q$78,5,FALSE) -> OOR < | M65: =VLOOKUP(D65,'Obs Conc %CV_2'!$C$23:$Q$78,5,FALSE) -> 0 | N65: =VLOOKUP(D65,'Obs Conc_2'!$C$23:$Q$78,6,FALSE) -> OOR < | O65: =VLOOKUP(D65,'Obs Conc %CV_2'!$C$23:$Q$78,6,FALSE) -> 0 | P65: =VLOOKUP(D65,'Obs Conc_2'!$C$23:$Q$78,7,FALSE) -> 89.57 | Q65: =VLOOKUP(D65,'Obs Conc %CV_2'!$C$23:$Q$78,7,FALSE) -> 22.29 | R65: =VLOOKUP(D65,'Obs Conc_2'!$C$23:$Q$78,8,FALSE) -> 17.82 | S65: =VLOOKUP(D65,'Obs Conc %CV_2'!$C$23:$Q$78,8,FALSE) -> 5.54 | T65: =VLOOKUP(D65,'Obs Conc_2'!$C$23:$Q$78,9,FALSE) -> OOR < | U65: =VLOOKUP(D65,'Obs Conc %CV_2'!$C$23:$Q$78,9,FALSE) -> 0 | V65: =VLOOKUP(D65,'Obs Conc_2'!$C$23:$Q$78,10,FALSE) -> 572.75 | W65: =VLOOKUP(D65,'Obs Conc %CV_2'!$C$23:$Q$78,10,FALSE) -> 3.72 | X65: =VLOOKUP(D65,'Obs Conc_2'!$C$23:$Q$78,11,FALSE) -> OOR < | Y65: =VLOOKUP(D65,'Obs Conc %CV_2'!$C$23:$Q$78,11,FALSE) -> 0 | Z65: =VLOOKUP(D65,'Obs Conc_2'!$C$23:$Q$78,12,FALSE) -> OOR < | AA65: =VLOOKUP(D65,'Obs Conc %CV_2'!$C$23:$Q$78,12,FALSE) -> 0 | AB65: =VLOOKUP(D65,'Obs Conc_2'!$C$23:$Q$78,13,FALSE) -> OOR < | AC65: =VLOOKUP(D65,'Obs Conc %CV_2'!$C$23:$Q$78,13,FALSE) -> 0 | AD65: =VLOOKUP(D65,'Obs Conc_2'!$C$23:$Q$78,14,FALSE) -> OOR < | AE65: =VLOOKUP(D65,'Obs Conc %CV_2'!$C$23:$Q$78,14,FALSE) -> 0 | AF65: =VLOOKUP(D65,'Obs Conc_2'!$C$23:$Q$78,15,FALSE) -> OOR < | AG65: =VLOOKUP(D65,'Obs Conc %CV_2'!$C$23:$Q$78,15,FALSE) -> 0
A66: ADRECMO | B66: box 1 | C66: ADRECMO-29_SR_J5 | D66: A065 | E66: serum | F66: =VLOOKUP(D66,'Obs Conc_2'!$C$23:$Q$78,2,FALSE) -> OOR < | G66: =VLOOKUP(D66,'Obs Conc %CV_2'!$C$23:$Q$78,2,FALSE) -> 0 | H66: =VLOOKUP(F66,'Obs Conc_2'!$E$23:$S$78,3,FALSE) -> OOR < | I66: =VLOOKUP(D66,'Obs Conc %CV_2'!$C$23:$Q$78,3,FALSE) -> 0 | J66: =VLOOKUP(D66,'Obs Conc_2'!$C$23:$Q$78,4,FALSE) -> OOR < | K66: =VLOOKUP(D66,'Obs Conc %CV_2'!$C$23:$Q$78,4,FALSE) -> 0 | L66: =VLOOKUP(D66,'Obs Conc_2'!$C$23:$Q$78,5,FALSE) -> OOR < | M66: =VLOOKUP(D66,'Obs Conc %CV_2'!$C$23:$Q$78,5,FALSE) -> 0 | N66: =VLOOKUP(D66,'Obs Conc_2'!$C$23:$Q$78,6,FALSE) -> OOR < | O66: =VLOOKUP(D66,'Obs Conc %CV_2'!$C$23:$Q$78,6,FALSE) -> 0 | P66: =VLOOKUP(D66,'Obs Conc_2'!$C$23:$Q$78,7,FALSE) -> 18.55 | Q66: =VLOOKUP(D66,'Obs Conc %CV_2'!$C$23:$Q$78,7,FALSE) -> 0 | R66: =VLOOKUP(D66,'Obs Conc_2'!$C$23:$Q$78,8,FALSE) -> 9.91 | S66: =VLOOKUP(D66,'Obs Conc %CV_2'!$C$23:$Q$78,8,FALSE) -> 0 | T66: =VLOOKUP(D66,'Obs Conc_2'!$C$23:$Q$78,9,FALSE) -> OOR < | U66: =VLOOKUP(D66,'Obs Conc %CV_2'!$C$23:$Q$78,9,FALSE) -> 0 | V66: =VLOOKUP(D66,'Obs Conc_2'!$C$23:$Q$78,10,FALSE) -> 310.22 | W66: =VLOOKUP(D66,'Obs Conc %CV_2'!$C$23:$Q$78,10,FALSE) -> 0 | X66: =VLOOKUP(D66,'Obs Conc_2'!$C$23:$Q$78,11,FALSE) -> OOR < | Y66: =VLOOKUP(D66,'Obs Conc %CV_2'!$C$23:$Q$78,11,FALSE) -> 0 | Z66: =VLOOKUP(D66,'Obs Conc_2'!$C$23:$Q$78,12,FALSE) -> OOR < | AA66: =VLOOKUP(D66,'Obs Conc %CV_2'!$C$23:$Q$78,12,FALSE) -> 0 | AB66: =VLOOKUP(D66,'Obs Conc_2'!$C$23:$Q$78,13,FALSE) -> OOR < | AC66: =VLOOKUP(D66,'Obs Conc %CV_2'!$C$23:$Q$78,13,FALSE) -> 0 | AD66: =VLOOKUP(D66,'Obs Conc_2'!$C$23:$Q$78,14,FALSE) -> OOR < | AE66: =VLOOKUP(D66,'Obs Conc %CV_2'!$C$23:$Q$78,14,FALSE) -> 0 | AF66: =VLOOKUP(D66,'Obs Conc_2'!$C$23:$Q$78,15,FALSE) -> OOR < | AG66: =VLOOKUP(D66,'Obs Conc %CV_2'!$C$23:$Q$78,15,FALSE) -> 0
A67: ADRECMO | B67: box 1 | C67: ADRECMO-29_SR_JS | D67: A066 | E67: serum | F67: =VLOOKUP(D67,'Obs Conc_2'!$C$23:$Q$78,2,FALSE) -> OOR < | G67: =VLOOKUP(D67,'Obs Conc %CV_2'!$C$23:$Q$78,2,FALSE) -> 0 | H67: =VLOOKUP(F67,'Obs Conc_2'!$E$23:$S$78,3,FALSE) -> OOR < | I67: =VLOOKUP(D67,'Obs Conc %CV_2'!$C$23:$Q$78,3,FALSE) -> 0 | J67: =VLOOKUP(D67,'Obs Conc_2'!$C$23:$Q$78,4,FALSE) -> OOR < | K67: =VLOOKUP(D67,'Obs Conc %CV_2'!$C$23:$Q$78,4,FALSE) -> 0 | L67: =VLOOKUP(D67,'Obs Conc_2'!$C$23:$Q$78,5,FALSE) -> OOR < | M67: =VLOOKUP(D67,'Obs Conc %CV_2'!$C$23:$Q$78,5,FALSE) -> 0 | N67: =VLOOKUP(D67,'Obs Conc_2'!$C$23:$Q$78,6,FALSE) -> OOR < | O67: =VLOOKUP(D67,'Obs Conc %CV_2'!$C$23:$Q$78,6,FALSE) -> 0 | P67: =VLOOKUP(D67,'Obs Conc_2'!$C$23:$Q$78,7,FALSE) -> 94.03 | Q67: =VLOOKUP(D67,'Obs Conc %CV_2'!$C$23:$Q$78,7,FALSE) -> 0 | R67: =VLOOKUP(D67,'Obs Conc_2'!$C$23:$Q$78,8,FALSE) -> 6.49 | S67: =VLOOKUP(D67,'Obs Conc %CV_2'!$C$23:$Q$78,8,FALSE) -> 0 | T67: =VLOOKUP(D67,'Obs Conc_2'!$C$23:$Q$78,9,FALSE) -> OOR < | U67: =VLOOKUP(D67,'Obs Conc %CV_2'!$C$23:$Q$78,9,FALSE) -> 0 | V67: =VLOOKUP(D67,'Obs Conc_2'!$C$23:$Q$78,10,FALSE) -> 497.67 | W67: =VLOOKUP(D67,'Obs Conc %CV_2'!$C$23:$Q$78,10,FALSE) -> 0 | X67: =VLOOKUP(D67,'Obs Conc_2'!$C$23:$Q$78,11,FALSE) -> OOR < | Y67: =VLOOKUP(D67,'Obs Conc %CV_2'!$C$23:$Q$78,11,FALSE) -> 0 | Z67: =VLOOKUP(D67,'Obs Conc_2'!$C$23:$Q$78,12,FALSE) -> OOR < | AA67: =VLOOKUP(D67,'Obs Conc %CV_2'!$C$23:$Q$78,12,FALSE) -> 0 | AB67: =VLOOKUP(D67,'Obs Conc_2'!$C$23:$Q$78,13,FALSE) -> OOR < | AC67: =VLOOKUP(D67,'Obs Conc %CV_2'!$C$23:$Q$78,13,FALSE) -> 0 | AD67: =VLOOKUP(D67,'Obs Conc_2'!$C$23:$Q$78,14,FALSE) -> OOR < | AE67: =VLOOKUP(D67,'Obs Conc %CV_2'!$C$23:$Q$78,14,FALSE) -> 0 | AF67: =VLOOKUP(D67,'Obs Conc_2'!$C$23:$Q$78,15,FALSE) -> OOR < | AG67: =VLOOKUP(D67,'Obs Conc %CV_2'!$C$23:$Q$78,15,FALSE) -> 0
A68: ADRECMO | B68: box 1 | C68: ADRECMO-30_SR_J0 | D68: A067 | E68: serum | F68: =VLOOKUP(D68,'Obs Conc_2'!$C$23:$Q$78,2,FALSE) -> OOR < | G68: =VLOOKUP(D68,'Obs Conc %CV_2'!$C$23:$Q$78,2,FALSE) -> 0 | H68: =VLOOKUP(F68,'Obs Conc_2'!$E$23:$S$78,3,FALSE) -> OOR < | I68: =VLOOKUP(D68,'Obs Conc %CV_2'!$C$23:$Q$78,3,FALSE) -> 0 | J68: =VLOOKUP(D68,'Obs Conc_2'!$C$23:$Q$78,4,FALSE) -> OOR < | K68: =VLOOKUP(D68,'Obs Conc %CV_2'!$C$23:$Q$78,4,FALSE) -> 0 | L68: =VLOOKUP(D68,'Obs Conc_2'!$C$23:$Q$78,5,FALSE) -> OOR < | M68: =VLOOKUP(D68,'Obs Conc %CV_2'!$C$23:$Q$78,5,FALSE) -> 0 | N68: =VLOOKUP(D68,'Obs Conc_2'!$C$23:$Q$78,6,FALSE) -> 6.32 | O68: =VLOOKUP(D68,'Obs Conc %CV_2'!$C$23:$Q$78,6,FALSE) -> 0 | P68: =VLOOKUP(D68,'Obs Conc_2'!$C$23:$Q$78,7,FALSE) -> 13.61 | Q68: =VLOOKUP(D68,'Obs Conc %CV_2'!$C$23:$Q$78,7,FALSE) -> 0 | R68: =VLOOKUP(D68,'Obs Conc_2'!$C$23:$Q$78,8,FALSE) -> 14.37 | S68: =VLOOKUP(D68,'Obs Conc %CV_2'!$C$23:$Q$78,8,FALSE) -> 0 | T68: =VLOOKUP(D68,'Obs Conc_2'!$C$23:$Q$78,9,FALSE) -> OOR < | U68: =VLOOKUP(D68,'Obs Conc %CV_2'!$C$23:$Q$78,9,FALSE) -> 0 | V68: =VLOOKUP(D68,'Obs Conc_2'!$C$23:$Q$78,10,FALSE) -> 701.63 | W68: =VLOOKUP(D68,'Obs Conc %CV_2'!$C$23:$Q$78,10,FALSE) -> 0 | X68: =VLOOKUP(D68,'Obs Conc_2'!$C$23:$Q$78,11,FALSE) -> OOR < | Y68: =VLOOKUP(D68,'Obs Conc %CV_2'!$C$23:$Q$78,11,FALSE) -> 0 | Z68: =VLOOKUP(D68,'Obs Conc_2'!$C$23:$Q$78,12,FALSE) -> OOR < | AA68: =VLOOKUP(D68,'Obs Conc %CV_2'!$C$23:$Q$78,12,FALSE) -> 0 | AB68: =VLOOKUP(D68,'Obs Conc_2'!$C$23:$Q$78,13,FALSE) -> OOR < | AC68: =VLOOKUP(D68,'Obs Conc %CV_2'!$C$23:$Q$78,13,FALSE) -> 0 | AD68: =VLOOKUP(D68,'Obs Conc_2'!$C$23:$Q$78,14,FALSE) -> OOR < | AE68: =VLOOKUP(D68,'Obs Conc %CV_2'!$C$23:$Q$78,14,FALSE) -> 0 | AF68: =VLOOKUP(D68,'Obs Conc_2'!$C$23:$Q$78,15,FALSE) -> OOR < | AG68: =VLOOKUP(D68,'Obs Conc %CV_2'!$C$23:$Q$78,15,FALSE) -> 0
A69: ADRECMO | B69: box 1 | C69: ADRECMO-30_SR_J3-J5 | D69: A068 | E69: serum | F69: =VLOOKUP(D69,'Obs Conc_2'!$C$23:$Q$78,2,FALSE) -> OOR < | G69: =VLOOKUP(D69,'Obs Conc %CV_2'!$C$23:$Q$78,2,FALSE) -> 0 | H69: =VLOOKUP(F69,'Obs Conc_2'!$E$23:$S$78,3,FALSE) -> OOR < | I69: =VLOOKUP(D69,'Obs Conc %CV_2'!$C$23:$Q$78,3,FALSE) -> 0 | J69: =VLOOKUP(D69,'Obs Conc_2'!$C$23:$Q$78,4,FALSE) -> OOR < | K69: =VLOOKUP(D69,'Obs Conc %CV_2'!$C$23:$Q$78,4,FALSE) -> 0 | L69: =VLOOKUP(D69,'Obs Conc_2'!$C$23:$Q$78,5,FALSE) -> OOR < | M69: =VLOOKUP(D69,'Obs Conc %CV_2'!$C$23:$Q$78,5,FALSE) -> 0 | N69: =VLOOKUP(D69,'Obs Conc_2'!$C$23:$Q$78,6,FALSE) -> OOR < | O69: =VLOOKUP(D69,'Obs Conc %CV_2'!$C$23:$Q$78,6,FALSE) -> 0 | P69: =VLOOKUP(D69,'Obs Conc_2'!$C$23:$Q$78,7,FALSE) -> 24.86 | Q69: =VLOOKUP(D69,'Obs Conc %CV_2'!$C$23:$Q$78,7,FALSE) -> 0 | R69: =VLOOKUP(D69,'Obs Conc_2'!$C$23:$Q$78,8,FALSE) -> 8.54 | S69: =VLOOKUP(D69,'Obs Conc %CV_2'!$C$23:$Q$78,8,FALSE) -> 0 | T69: =VLOOKUP(D69,'Obs Conc_2'!$C$23:$Q$78,9,FALSE) -> OOR < | U69: =VLOOKUP(D69,'Obs Conc %CV_2'!$C$23:$Q$78,9,FALSE) -> 0 | V69: =VLOOKUP(D69,'Obs Conc_2'!$C$23:$Q$78,10,FALSE) -> 715.03 | W69: =VLOOKUP(D69,'Obs Conc %CV_2'!$C$23:$Q$78,10,FALSE) -> 0 | X69: =VLOOKUP(D69,'Obs Conc_2'!$C$23:$Q$78,11,FALSE) -> OOR < | Y69: =VLOOKUP(D69,'Obs Conc %CV_2'!$C$23:$Q$78,11,FALSE) -> 0 | Z69: =VLOOKUP(D69,'Obs Conc_2'!$C$23:$Q$78,12,FALSE) -> OOR < | AA69: =VLOOKUP(D69,'Obs Conc %CV_2'!$C$23:$Q$78,12,FALSE) -> 0 | AB69: =VLOOKUP(D69,'Obs Conc_2'!$C$23:$Q$78,13,FALSE) -> OOR < | AC69: =VLOOKUP(D69,'Obs Conc %CV_2'!$C$23:$Q$78,13,FALSE) -> 0 | AD69: =VLOOKUP(D69,'Obs Conc_2'!$C$23:$Q$78,14,FALSE) -> OOR < | AE69: =VLOOKUP(D69,'Obs Conc %CV_2'!$C$23:$Q$78,14,FALSE) -> 0 | AF69: =VLOOKUP(D69,'Obs Conc_2'!$C$23:$Q$78,15,FALSE) -> OOR < | AG69: =VLOOKUP(D69,'Obs Conc %CV_2'!$C$23:$Q$78,15,FALSE) -> 0
... A113: ADRECMO | B113: box 2 | C113: ADRECMO-50_SR_JS | D113: A112 | E113: serum | F113: =VLOOKUP(D113,'Obs Conc_2'!$C$23:$Q$78,2,FALSE) -> OOR < | G113: =VLOOKUP(D113,'Obs Conc %CV_2'!$C$23:$Q$78,2,FALSE) -> 0 | H113: =VLOOKUP(F113,'Obs Conc_2'!$E$23:$S$78,3,FALSE) -> OOR < | I113: =VLOOKUP(D113,'Obs Conc %CV_2'!$C$23:$Q$78,3,FALSE) -> 0 | J113: =VLOOKUP(D113,'Obs Conc_2'!$C$23:$Q$78,4,FALSE) -> OOR < | K113: =VLOOKUP(D113,'Obs Conc %CV_2'!$C$23:$Q$78,4,FALSE) -> 0 | L113: =VLOOKUP(D113,'Obs Conc_2'!$C$23:$Q$78,5,FALSE) -> OOR < | M113: =VLOOKUP(D113,'Obs Conc %CV_2'!$C$23:$Q$78,5,FALSE) -> 0 | N113: =VLOOKUP(D113,'Obs Conc_2'!$C$23:$Q$78,6,FALSE) -> OOR < | O113: =VLOOKUP(D113,'Obs Conc %CV_2'!$C$23:$Q$78,6,FALSE) -> 0 | P113: =VLOOKUP(D113,'Obs Conc_2'!$C$23:$Q$78,7,FALSE) -> 26.4 | Q113: =VLOOKUP(D113,'Obs Conc %CV_2'!$C$23:$Q$78,7,FALSE) -> 49.88 | R113: =VLOOKUP(D113,'Obs Conc_2'!$C$23:$Q$78,8,FALSE) -> *1.37 | S113: =VLOOKUP(D113,'Obs Conc %CV_2'!$C$23:$Q$78,8,FALSE) -> 0 | T113: =VLOOKUP(D113,'Obs Conc_2'!$C$23:$Q$78,9,FALSE) -> OOR < | U113: =VLOOKUP(D113,'Obs Conc %CV_2'!$C$23:$Q$78,9,FALSE) -> 0 | V113: =VLOOKUP(D113,'Obs Conc_2'!$C$23:$Q$78,10,FALSE) -> 237.93 | W113: =VLOOKUP(D113,'Obs Conc %CV_2'!$C$23:$Q$78,10,FALSE) -> 25.17 | X113: =VLOOKUP(D113,'Obs Conc_2'!$C$23:$Q$78,11,FALSE) -> OOR < | Y113: =VLOOKUP(D113,'Obs Conc %CV_2'!$C$23:$Q$78,11,FALSE) -> 0 | Z113: =VLOOKUP(D113,'Obs Conc_2'!$C$23:$Q$78,12,FALSE) -> OOR < | AA113: =VLOOKUP(D113,'Obs Conc %CV_2'!$C$23:$Q$78,12,FALSE) -> 0 | AB113: =VLOOKUP(D113,'Obs Conc_2'!$C$23:$Q$78,13,FALSE) -> OOR < | AC113: =VLOOKUP(D113,'Obs Conc %CV_2'!$C$23:$Q$78,13,FALSE) -> 0 | AD113: =VLOOKUP(D113,'Obs Conc_2'!$C$23:$Q$78,14,FALSE) -> OOR < | AE113: =VLOOKUP(D113,'Obs Conc %CV_2'!$C$23:$Q$78,14,FALSE) -> 0 | AF113: =VLOOKUP(D113,'Obs Conc_2'!$C$23:$Q$78,15,FALSE) -> OOR < | AG113: =VLOOKUP(D113,'Obs Conc %CV_2'!$C$23:$Q$78,15,FALSE) -> 0

Sheet calculs OOR
A1: Study | B1: box n° | C1: Sample ID number | E1: Type | F1: [IL-33] in pg/mL | G1: IL-33 CV in % | H1: [IL1b] in pg/mL | I1: IL1b CV in % | J1: [IL2] in pg/mL | K1: IL2 CV in % | L1: [IL4] in pg/mL | M1: IL4 CV in % | N1: [IL5] in pg/mL | O1: IL5 CV in % | P1: [IL6] in pg/mL | Q1: IL6 CV in % | R1: [IL8/CXCL8] in pg/mL | S1: IL8/CXCL8 CV in % | T1: [IL10] in pg/mL | U1: IL10 CV in % | V1: [GDF-15] in pg/mL | W1: GDF-15 CV in % | X1: [IL12p70] in pg/mL | Y1: IL12p70 CV in % | Z1: [IL17A/CTLA-8] in pg/mL | AA1: IL17A/CTLA-8 CV in % | AB1: [IFNg] in pg/mL | AC1: IFNg CV in % | AD1: [TNFa] in pg/mL | AE1: TNFa CV in % | AF1: [Granzyme B] in pg/mL | AG1: Granzyme B CV in %
A2: ADRECMO | B2: box 1 | C2: ADRECMO-01_SR_J0 | D2: A001 | E2: serum | F2: OOR < | G2: 0 | H2: OOR < | I2: 0 | J2: OOR < | K2: 0 | L2: OOR < | M2: 0 | N2: OOR < | O2: 0 | P2: 25.35 | Q2: 8.07 | R2: 9.83 | S2: 15.32 | T2: OOR < | U2: 0 | V2: 405.42 | W2: 15.5 | X2: OOR < | Y2: 0 | Z2: OOR < | AA2: 0 | AB2: OOR < | AC2: 0 | AD2: OOR < | AE2: 0 | AF2: OOR < | AG2: 0
A3: ADRECMO | B3: box 1 | C3: ADRECMO-01_SR_J3-J5 | D3: A002 | E3: serum | F3: OOR < | G3: 0 | H3: OOR < | I3: 0 | J3: OOR < | K3: 0 | L3: OOR < | M3: 0 | N3: *2,50 | O3: 73.6 | P3: 47.13 | Q3: 9.01 | R3: 3.29 | S3: 7.48 | T3: OOR < | U3: 0 | V3: 313.34 | W3: 0.64 | X3: OOR < | Y3: 0 | Z3: OOR < | AA3: 0 | AB3: OOR < | AC3: 0 | AD3: OOR < | AE3: 0 | AF3: OOR < | AG3: 0
A4: ADRECMO | B4: box 1 | C4: ADRECMO-01_SR_JS | D4: A003 | E4: serum | F4: OOR < | G4: 0 | H4: OOR < | I4: 0 | J4: OOR < | K4: 0 | L4: OOR < | M4: 0 | N4: *0,01 | O4: 0 | P4: 53.41 | Q4: 26.14 | R4: 3.47 | S4: 31.95 | T4: OOR < | U4: 0 | V4: 379.9 | W4: 19.7 | X4: OOR < | Y4: 0 | Z4: OOR < | AA4: 0 | AB4: OOR < | AC4: 0 | AD4: OOR < | AE4: 0 | AF4: OOR < | AG4: 0
A5: ADRECMO | B5: box 1 | C5: ADRECMO-02_SR_J0 | D5: A004 | E5: serum | F5: OOR < | G5: 0 | H5: OOR < | I5: 0 | J5: OOR < | K5: 0 | L5: OOR < | M5: 0 | N5: *5,19 | O5: 0 | P5: 416.67 | Q5: 5.37 | R5: 87.29 | S5: 1.37 | T5: 105.86 | U5: 4.04 | V5: 660.73 | W5: 4.57 | X5: OOR < | Y5: 0 | Z5: OOR < | AA5: 0 | AB5: OOR < | AC5: 0 | AD5: OOR < | AE5: 0 | AF5: OOR < | AG5: 0
A6: ADRECMO | B6: box 1 | C6: ADRECMO-02_SR_J3-J5 | D6: A005 | E6: serum | F6: OOR < | G6: 0 | H6: OOR < | I6: 0 | J6: OOR < | K6: 0 | L6: OOR < | M6: 0 | N6: *6,56 | O6: 0 | P6: 50.78 | Q6: 1.84 | R6: 18.75 | S6: 12.99 | T6: *1,52 | U6: 11.84 | V6: 580.6 | W6: 9.12 | X6: OOR < | Y6: 0 | Z6: OOR < | AA6: 0 | AB6: OOR < | AC6: 0 | AD6: OOR < | AE6: 0 | AF6: OOR < | AG6: 0
A7: ADRECMO | B7: box 1 | C7: ADRECMO-02_SR_JS | D7: A006 | E7: serum | F7: OOR < | G7: 0 | H7: OOR < | I7: 0 | J7: OOR < | K7: 0 | L7: OOR < | M7: 0 | N7: *6,56 | O7: 59.21 | P7: 55.37 | Q7: 13.35 | R7: 22.31 | S7: 24.31 | T7: 4.12 | U7: 25.17 | V7: 655.39 | W7: 6.59 | X7: OOR < | Y7: 0 | Z7: OOR < | AA7: 0 | AB7: OOR < | AC7: 0 | AD7: OOR < | AE7: 0 | AF7: OOR < | AG7: 0
A8: ADRECMO | B8: box 1 | C8: ADRECMO-03_SR_J0 | D8: A007 | E8: serum | F8: OOR < | G8: 0 | H8: OOR < | I8: 0 | J8: OOR < | K8: 0 | L8: OOR < | M8: 0 | N8: *0,01 | O8: 0 | P8: 90.99 | Q8: 6.18 | R8: 2.81 | S8: 19.94 | T8: 10.4 | U8: 17.37 | V8: 423.87 | W8: 7.74 | X8: OOR < | Y8: 0 | Z8: OOR < | AA8: 0 | AB8: OOR < | AC8: 0 | AD8: OOR < | AE8: 0 | AF8: OOR < | AG8: 0
A9: ADRECMO | B9: box 1 | C9: ADRECMO-03_SR_J3 | D9: A008 | E9: serum | F9: OOR < | G9: 0 | H9: OOR < | I9: 0 | J9: OOR < | K9: 0 | L9: OOR < | M9: 0 | N9: *3,83 | O9: 97.42 | P9: 59.92 | Q9: 7.63 | R9: 2.5 | S9: 20.07 | T9: OOR < | U9: 0 | V9: 416.77 | W9: 1.61 | X9: OOR < | Y9: 0 | Z9: OOR < | AA9: 0 | AB9: OOR < | AC9: 0 | AD9: OOR < | AE9: 0 | AF9: OOR < | AG9: 0
A10: ADRECMO | B10: box 1 | C10: ADRECMO-03_SR_JS | D10: A009 | E10: serum | F10: OOR < | G10: 0 | H10: OOR < | I10: 0 | J10: OOR < | K10: 0 | L10: OOR < | M10: 0 | N10: OOR < | O10: 0 | P10: 42.76 | Q10: 0 | R10: 5.77 | S10: 0 | T10: OOR < | U10: 0 | V10: 613.32 | W10: 0 | X10: OOR < | Y10: 0 | Z10: OOR < | AA10: 0 | AB10: OOR < | AC10: 0 | AD10: OOR < | AE10: 0 | AF10: OOR < | AG10: 0
A11: ADRECMO | B11: box 1 | C11: ADRECMO-04_SR_J0 | D11: A010 | E11: serum | F11: OOR < | G11: 0 | H11: OOR < | I11: 0 | J11: OOR < | K11: 0 | L11: OOR < | M11: 0 | N11: 9.36 | O11: 0 | P11: 347.38 | Q11: 0 | R11: 47.59 | S11: 0 | T11: 17.34 | U11: 0 | V11: 308.15 | W11: 0 | X11: OOR < | Y11: 0 | Z11: OOR < | AA11: 0 | AB11: OOR < | AC11: 0 | AD11: OOR < | AE11: 0 | AF11: OOR < | AG11: 0
A12: ADRECMO | B12: box 1 | C12: ADRECMO-04_SR_J3 | D12: A011 | E12: serum | F12: OOR < | G12: 0 | H12: OOR < | I12: 0 | J12: OOR < | K12: 0 | L12: OOR < | M12: 0 | N12: OOR < | O12: 0 | P12: 13.34 | Q12: 0 | R12: *2,06 | S12: 0 | T12: OOR < | U12: 0 | V12: 267.51 | W12: 0 | X12: OOR < | Y12: 0 | Z12: OOR < | AA12: 0 | AB12: OOR < | AC12: 0 | AD12: OOR < | AE12: 0 | AF12: OOR < | AG12: 0
A13: ADRECMO | B13: box 1 | C13: ADRECMO-04_SR_JS | D13: A012 | E13: serum | F13: OOR < | G13: 0 | H13: OOR < | I13: 0 | J13: OOR < | K13: 0 | L13: OOR < | M13: 0 | N13: *1,21 | O13: 0 | P13: 8.49 | Q13: 0 | R13: 8.1 | S13: 0 | T13: OOR < | U13: 0 | V13: 327.98 | W13: 0 | X13: OOR < | Y13: 0 | Z13: OOR < | AA13: 0 | AB13: OOR < | AC13: 0 | AD13: OOR < | AE13: 0 | AF13: OOR < | AG13: 0
A14: ADRECMO | B14: box 1 | C14: ADRECMO-05_SR_J0 | D14: A013 | E14: serum | F14: OOR < | G14: 0 | H14: OOR < | I14: 0 | J14: OOR < | K14: 0 | L14: OOR < | M14: 0 | N14: *1,21 | O14: 0 | P14: 290.74 | Q14: 0 | R14: 114.27 | S14: 0 | T14: 9.42 | U14: 0 | V14: 2386.6 | W14: 0 | X14: OOR < | Y14: 0 | Z14: OOR < | AA14: 0 | AB14: OOR < | AC14: 0 | AD14: OOR < | AE14: 0 | AF14: OOR < | AG14: 0
A15: ADRECMO | B15: box 1 | C15: ADRECMO-05_SR_J3 | D15: A014 | E15: serum | F15: OOR < | G15: 0 | H15: OOR < | I15: 0 | J15: OOR < | K15: 0 | L15: OOR < | M15: 0 | N15: 12.19 | O15: 0 | P15: 142.29 | Q15: 0 | R15: 31.57 | S15: 0 | T15: 5.1 | U15: 0 | V15: 1455.97 | W15: 0 | X15: OOR < | Y15: 0 | Z15: OOR < | AA15: 0 | AB15: OOR < | AC15: 0 | AD15: OOR < | AE15: 0 | AF15: OOR < | AG15: 0
A16: ADRECMO | B16: box 1 | C16: ADRECMO-06_SR_J0 | D16: A015 | E16: serum | F16: OOR < | G16: 0 | H16: OOR < | I16: 0 | J16: OOR < | K16: 0 | L16: OOR < | M16: 0 | N16: *3,83 | O16: 0 | P16: 227.73 | Q16: 0 | R16: 36.68 | S16: 0 | T16: OOR < | U16: 0 | V16: 633.6 | W16: 0 | X16: OOR < | Y16: 0 | Z16: OOR < | AA16: 0 | AB16: OOR < | AC16: 0 | AD16: OOR < | AE16: 0 | AF16: OOR < | AG16: 0
A17: ADRECMO | B17: box 1 | C17: ADRECMO-06_SR_J3 | D17: A016 | E17: serum | F17: OOR < | G17: 0 | H17: OOR < | I17: 0 | J17: OOR < | K17: 0 | L17: OOR < | M17: 0 | N17: *1,21 | O17: 0 | P17: 78.32 | Q17: 0 | R17: 14.38 | S17: 0 | T17: OOR < | U17: 0 | V17: 506.95 | W17: 0 | X17: OOR < | Y17: 0 | Z17: OOR < | AA17: 0 | AB17: OOR < | AC17: 0 | AD17: OOR < | AE17: 0 | AF17: OOR < | AG17: 0
A18: ADRECMO | B18: box 1 | C18: ADRECMO-06_SR_JS | D18: A017 | E18: serum | F18: OOR < | G18: 0 | H18: OOR < | I18: 0 | J18: OOR < | K18: 0 | L18: OOR < | M18: 0 | N18: OOR < | O18: 0 | P18: 18.72 | Q18: 0 | R18: 5.26 | S18: 0 | T18: OOR < | U18: 0 | V18: 398.8 | W18: 0 | X18: OOR < | Y18: 0 | Z18: OOR < | AA18: 0 | AB18: OOR < | AC18: 0 | AD18: OOR < | AE18: 0 | AF18: OOR < | AG18: 0
A19: ADRECMO | B19: box 1 | C19: ADRECMO-07_SR_J0 | D19: A018 | E19: serum | F19: OOR < | G19: 0 | H19: OOR < | I19: 0 | J19: OOR < | K19: 0 | L19: OOR < | M19: 0 | N19: 15.07 | O19: 0 | P19: 2035.06 | Q19: 0 | R19: 179.94 | S19: 0 | T19: 212.38 | U19: 0 | V19: 711.38 | W19: 0 | X19: OOR < | Y19: 0 | Z19: OOR < | AA19: 0 | AB19: OOR < | AC19: 0 | AD19: 2.18 | AE19: 0 | AF19: OOR < | AG19: 0
A20: ADRECMO | B20: box 1 | C20: ADRECMO-07_SR_J3 | D20: A019 | E20: serum | F20: OOR < | G20: 0 | H20: OOR < | I20: 0 | J20: OOR < | K20: 0 | L20: OOR < | M20: 0 | N20: OOR < | O20: 0 | P20: 72.05 | Q20: 0 | R20: 217.63 | S20: 0 | T20: 3.14 | U20: 0 | V20: 2242.26 | W20: 0 | X20: OOR < | Y20: 0 | Z20: OOR < | AA20: 0 | AB20: OOR < | AC20: 0 | AD20: OOR < | AE20: 0 | AF20: OOR < | AG20: 0
A21: ADRECMO | B21: box 1 | C21: ADRECMO-07_SR_JS | D21: A020 | E21: serum | F21: OOR < | G21: 0 | H21: OOR < | I21: 0 | J21: OOR < | K21: 0 | L21: OOR < | M21: 0 | N21: *1,21 | O21: 0 | P21: 61.21 | Q21: 0 | R21: 193.3 | S21: 0 | T21: 4.61 | U21: 0 | V21: 737.83 | W21: 0 | X21: OOR < | Y21: 0 | Z21: OOR < | AA21: 0 | AB21: OOR < | AC21: 0 | AD21: OOR < | AE21: 0 | AF21: OOR < | AG21: 0
A22: ADRECMO | B22: box 1 | C22: ADRECMO-08_SR_J0 | D22: A021 | E22: serum | F22: OOR < | G22: 0 | H22: OOR < | I22: 0 | J22: OOR < | K22: 0 | L22: OOR < | M22: 0 | N22: OOR < | O22: 0 | P22: 14.9 | Q22: 0 | R22: *0,66 | S22: 0 | T22: OOR < | U22: 0 | V22: 264.67 | W22: 0 | X22: OOR < | Y22: 0 | Z22: OOR < | AA22: 0 | AB22: OOR < | AC22: 0 | AD22: OOR < | AE22: 0 | AF22: OOR < | AG22: 0
A23: ADRECMO | B23: box 1 | C23: ADRECMO-08_SR_J3 | D23: A022 | E23: serum | F23: OOR < | G23: 0 | H23: OOR < | I23: 0 | J23: OOR < | K23: 0 | L23: OOR < | M23: 0 | N23: OOR < | O23: 0 | P23: 17.2 | Q23: 0 | R23: 2.68 | S23: 0 | T23: OOR < | U23: 0 | V23: 289.26 | W23: 0 | X23: OOR < | Y23: 0 | Z23: OOR < | AA23: 0 | AB23: OOR < | AC23: 0 | AD23: OOR < | AE23: 0 | AF23: OOR < | AG23: 0
A24: ADRECMO | B24: box 1 | C24: ADRECMO-08_SR_JS | D24: A023 | E24: serum | F24: OOR < | G24: 0 | H24: OOR < | I24: 0 | J24: OOR < | K24: 0 | L24: OOR < | M24: 0 | N24: OOR < | O24: 0 | P24: OOR < | Q24: 0 | R24: *0,86 | S24: 0 | T24: OOR < | U24: 0 | V24: 330.81 | W24: 0 | X24: OOR < | Y24: 0 | Z24: OOR < | AA24: 0 | AB24: OOR < | AC24: 0 | AD24: OOR < | AE24: 0 | AF24: OOR < | AG24: 0
A25: ADRECMO | B25: box 1 | C25: ADRECMO-09_SR_J0 | D25: A024 | E25: serum | F25: OOR < | G25: 0 | H25: OOR < | I25: 0 | J25: OOR < | K25: 0 | L25: OOR < | M25: 0 | N25: *3,83 | O25: 0 | P25: 46.13 | Q25: 0 | R25: 5.77 | S25: 0 | T25: *0,48 | U25: 0 | V25: 291.15 | W25: 0 | X25: OOR < | Y25: 0 | Z25: OOR < | AA25: 0 | AB25: OOR < | AC25: 0 | AD25: OOR < | AE25: 0 | AF25: OOR < | AG25: 0
A26: ADRECMO | B26: box 1 | C26: ADRECMO-09_SR_J3 | D26: A025 | E26: serum | F26: OOR < | G26: 0 | H26: OOR < | I26: 0 | J26: OOR < | K26: 0 | L26: OOR < | M26: 0 | N26: *1,21 | O26: 0 | P26: OOR < | Q26: 0 | R26: OOR < | S26: 0 | T26: OOR < | U26: 0 | V26: 178.07 | W26: 0 | X26: OOR < | Y26: 0 | Z26: OOR < | AA26: 0 | AB26: OOR < | AC26: 0 | AD26: OOR < | AE26: 0 | AF26: OOR < | AG26: 0
A27: ADRECMO | B27: box 1 | C27: ADRECMO-10_SR_J0 | D27: A026 | E27: serum | F27: OOR < | G27: 0 | H27: OOR < | I27: 0 | J27: OOR < | K27: 0 | L27: OOR < | M27: 0 | N27: OOR < | O27: 0 | P27: 31.76 | Q27: 0 | R27: 14.94 | S27: 0 | T27: 2.02 | U27: 0 | V27: 984.21 | W27: 0 | X27: OOR < | Y27: 0 | Z27: OOR < | AA27: 0 | AB27: OOR < | AC27: 0 | AD27: OOR < | AE27: 0 | AF27: OOR < | AG27: 0
A28: ADRECMO | B28: box 1 | C28: ADRECMO-10_SR_JS | D28: A027 | E28: serum | F28: OOR < | G28: 0 | H28: OOR < | I28: 0 | J28: OOR < | K28: 0 | L28: OOR < | M28: 0 | N28: *1,21 | O28: 0 | P28: 14.12 | Q28: 0 | R28: *0,66 | S28: 0 | T28: OOR < | U28: 0 | V28: 401.64 | W28: 0 | X28: OOR < | Y28: 0 | Z28: OOR < | AA28: 0 | AB28: OOR < | AC28: 0 | AD28: OOR < | AE28: 0 | AF28: OOR < | AG28: 0
A29: ADRECMO | B29: box 1 | C29: ADRECMO-11_SR_J0 | D29: A028 | E29: serum | F29: OOR < | G29: 0 | H29: OOR < | I29: 0 | J29: OOR < | K29: 0 | L29: OOR < | M29: 0 | N29: *1,21 | O29: 0 | P29: OOR < | Q29: 0 | R29: 68.28 | S29: 0 | T29: OOR < | U29: 0 | V29: 966.84 | W29: 0 | X29: OOR < | Y29: 0 | Z29: *1,13 | AA29: 0 | AB29: OOR < | AC29: 0 | AD29: OOR < | AE29: 0 | AF29: OOR < | AG29: 0
A30: ADRECMO | B30: box 1 | C30: ADRECMO-11_SR_J3-J5 | D30: A029 | E30: serum | F30: OOR < | G30: 0 | H30: OOR < | I30: 0 | J30: OOR < | K30: 0 | L30: OOR < | M30: 0 | N30: OOR < | O30: 0 | P30: OOR < | Q30: 0 | R30: 8.52 | S30: 0 | T30: OOR < | U30: 0 | V30: 760.45 | W30: 0 | X30: OOR < | Y30: 0 | Z30: OOR < | AA30: 0 | AB30: OOR < | AC30: 0 | AD30: OOR < | AE30: 0 | AF30: OOR < | AG30: 0
A31: ADRECMO | B31: box 1 | C31: ADRECMO-11_SR_JS | D31: A030 | E31: serum | F31: OOR < | G31: 0 | H31: OOR < | I31: 0 | J31: OOR < | K31: 0 | L31: OOR < | M31: 0 | N31: OOR < | O31: 0 | P31: OOR < | Q31: 0 | R31: *1,78 | S31: 0 | T31: OOR < | U31: 0 | V31: 553.75 | W31: 0 | X31: OOR < | Y31: 0 | Z31: OOR < | AA31: 0 | AB31: OOR < | AC31: 0 | AD31: OOR < | AE31: 0 | AF31: OOR < | AG31: 0
A32: ADRECMO | B32: box 1 | C32: ADRECMO-13_SR_J0 | D32: A031 | E32: serum | F32: OOR < | G32: 0 | H32: OOR < | I32: 0 | J32: OOR < | K32: 0 | L32: OOR < | M32: 0 | N32: *1,21 | O32: 0 | P32: 148.62 | Q32: 0 | R32: 34.6 | S32: 0 | T32: 195.65 | U32: 0 | V32: 2079.09 | W32: 0 | X32: OOR < | Y32: 0 | Z32: OOR < | AA32: 0 | AB32: OOR < | AC32: 0 | AD32: OOR < | AE32: 0 | AF32: OOR < | AG32: 0
A33: ADRECMO | B33: box 1 | C33: ADRECMO-13_SR_J3 | D33: A032 | E33: serum | F33: OOR < | G33: 0 | H33: OOR < | I33: 0 | J33: OOR < | K33: 0 | L33: OOR < | M33: 0 | N33: 9.36 | O33: 0 | P33: 36.63 | Q33: 0 | R33: 123.52 | S33: 0 | T33: 32.6 | U33: 0 | V33: 2612.85 | W33: 0 | X33: OOR < | Y33: 0 | Z33: OOR < | AA33: 0 | AB33: OOR < | AC33: 0 | AD33: OOR < | AE33: 0 | AF33: OOR < | AG33: 0
A34: ADRECMO | B34: box 1 | C34: ADRECMO-14_SR_J0 | D34: A033 | E34: serum | F34: OOR < | G34: 0 | H34: OOR < | I34: 0 | J34: OOR < | K34: 0 | L34: OOR < | M34: 0 | N34: 9.36 | O34: 0 | P34: 645.67 | Q34: 0 | R34: 38.44 | S34: 0 | T34: 22.74 | U34: 0 | V34: 391.24 | W34: 0 | X34: OOR < | Y34: 0 | Z34: OOR < | AA34: 0 | AB34: OOR < | AC34: 0 | AD34: OOR < | AE34: 0 | AF34: OOR < | AG34: 0
A35: ADRECMO | B35: box 1 | C35: ADRECMO-16_SR_J0 | D35: A034 | E35: serum | F35: OOR < | G35: 0 | H35: OOR < | I35: 0 | J35: OOR < | K35: 0 | L35: OOR < | M35: 0 | N35: OOR < | O35: 0 | P35: 59.92 | Q35: 0 | R35: 44.69 | S35: 0 | T35: 18.99 | U35: 0 | V35: 1411.33 | W35: 0 | X35: OOR < | Y35: 0 | Z35: OOR < | AA35: 0 | AB35: OOR < | AC35: 0 | AD35: OOR < | AE35: 0 | AF35: OOR < | AG35: 0
A36: ADRECMO | B36: box 1 | C36: ADRECMO-16_SR_J3 | D36: A035 | E36: serum | F36: OOR < | G36: 0 | H36: OOR < | I36: 0 | J36: OOR < | K36: 0 | L36: OOR < | M36: 0 | N36: OOR < | O36: 0 | P36: 32.46 | Q36: 0 | R36: 9.42 | S36: 0 | T36: OOR < | U36: 0 | V36: 1058.38 | W36: 0 | X36: OOR < | Y36: 0 | Z36: OOR < | AA36: 0 | AB36: OOR < | AC36: 0 | AD36: OOR < | AE36: 0 | AF36: OOR < | AG36: 0
A37: ADRECMO | B37: box 1 | C37: ADRECMO-16_SR_JS | D37: A036 | E37: serum | F37: OOR < | G37: 0 | H37: OOR < | I37: 0 | J37: OOR < | K37: 0 | L37: OOR < | M37: 0 | N37: *3,83 | O37: 0 | P37: OOR < | Q37: 0 | R37: *0,46 | S37: 0 | T37: OOR < | U37: 0 | V37: 294.93 | W37: 0 | X37: OOR < | Y37: 0 | Z37: OOR < | AA37: 0 | AB37: OOR < | AC37: 0 | AD37: OOR < | AE37: 0 | AF37: OOR < | AG37: 0
A38: ADRECMO | B38: box 1 | C38: ADRECMO-15_SR_J0 | D38: A037 | E38: serum | F38: OOR < | G38: 0 | H38: OOR < | I38: 0 | J38: OOR < | K38: 0 | L38: OOR < | M38: 0 | N38: OOR < | O38: 0 | P38: 36.63 | Q38: 0 | R38: 12.03 | S38: 0 | T38: OOR < | U38: 0 | V38: 362.9 | W38: 0 | X38: OOR < | Y38: 0 | Z38: OOR < | AA38: 0 | AB38: OOR < | AC38: 0 | AD38: OOR < | AE38: 0 | AF38: OOR < | AG38: 0
A39: ADRECMO | B39: box 1 | C39: ADRECMO-17_SR_J0 | D39: A038 | E39: serum | F39: OOR < | G39: 0 | H39: OOR < | I39: 0 | J39: OOR < | K39: 0 | L39: OOR < | M39: 0 | N39: *3,83 | O39: 0 | P39: 183.71 | Q39: 0 | R39: 14.13 | S39: 0 | T39: *0,07 | U39: 0 | V39: 290.2 | W39: 0 | X39: OOR < | Y39: 0 | Z39: OOR < | AA39: 0 | AB39: OOR < | AC39: 0 | AD39: OOR < | AE39: 0 | AF39: OOR < | AG39: 0
A40: ADRECMO | B40: box 1 | C40: ADRECMO-18_SR_J0 | D40: A039 | E40: serum | F40: OOR < | G40: 0 | H40: OOR < | I40: 0 | J40: OOR < | K40: 0 | L40: OOR < | M40: 0 | N40: OOR < | O40: 0 | P40: 63.78 | Q40: 0 | R40: 23.43 | S40: 0 | T40: *0,74 | U40: 0 | V40: 646.19 | W40: 0 | X40: OOR < | Y40: 0 | Z40: OOR < | AA40: 0 | AB40: OOR < | AC40: 0 | AD40: OOR < | AE40: 0 | AF40: OOR < | AG40: 0
A41: ADRECMO | B41: box 1 | C41: ADRECMO-19_SR_J0 | D41: A040 | E41: serum | F41: OOR < | G41: 0 | H41: OOR < | I41: 0 | J41: OOR < | K41: 0 | L41: OOR < | M41: 0 | N41: *3,83 | O41: 0 | P41: 591.79 | Q41: 0 | R41: 152.01 | S41: 0 | T41: 320.95 | U41: 0 | V41: 2976.73 | W41: 0 | X41: OOR < | Y41: 0 | Z41: OOR < | AA41: 0 | AB41: OOR < | AC41: 0 | AD41: OOR < | AE41: 0 | AF41: OOR < | AG41: 0
A42: ADRECMO | B42: box 1 | C42: ADRECMO-19_SR_J3 | D42: A041 | E42: serum | F42: OOR < | G42: 0 | H42: OOR < | I42: 0 | J42: OOR < | K42: 0 | L42: OOR < | M42: 0 | N42: *1,21 | O42: 0 | P42: 17.2 | Q42: 0 | R42: 17.51 | S42: 0 | T42: 3.88 | U42: 0 | V42: 867.75 | W42: 0 | X42: OOR < | Y42: 0 | Z42: OOR < | AA42: 0 | AB42: OOR < | AC42: 0 | AD42: OOR < | AE42: 0 | AF42: OOR < | AG42: 0
A43: ADRECMO | B43: box 1 | C43: ADRECMO-20_SR_J0 | D43: A042 | E43: serum | F43: OOR < | G43: 0 | H43: OOR < | I43: 0 | J43: OOR < | K43: 0 | L43: OOR < | M43: 0 | N43: 9.36 | O43: 0 | P43: 91.91 | Q43: 0 | R43: 21.35 | S43: 0 | T43: 2.52 | U43: 0 | V43: 415.83 | W43: 0 | X43: OOR < | Y43: 0 | Z43: OOR < | AA43: 0 | AB43: OOR < | AC43: 0 | AD43: OOR < | AE43: 0 | AF43: OOR < | AG43: 0
A44: ADRECMO | B44: box 1 | C44: ADRECMO-19_SR_JS | D44: A043 | E44: serum | F44: OOR < | G44: 0 | H44: OOR < | I44: 0 | J44: OOR < | K44: 0 | L44: OOR < | M44: 0 | N44: OOR < | O44: 0 | P44: 99.21 | Q44: 0 | R44: 16.55 | S44: 0 | T44: *1,26 | U44: 0 | V44: 784.13 | W44: 0 | X44: OOR < | Y44: 0 | Z44: OOR < | AA44: 0 | AB44: OOR < | AC44: 0 | AD44: OOR < | AE44: 0 | AF44: OOR < | AG44: 0
A45: ADRECMO | B45: box 1 | C45: ADRECMO-20_SR_J3 | D45: A044 | E45: serum | F45: OOR < | G45: 0 | H45: OOR < | I45: 0 | J45: OOR < | K45: 0 | L45: OOR < | M45: 0 | N45: *0,01 | O45: 0 | P45: 27.51 | Q45: 0 | R45: 6.61 | S45: 0 | T45: OOR < | U45: 0 | V45: 429.08 | W45: 0 | X45: OOR < | Y45: 0 | Z45: OOR < | AA45: 0 | AB45: OOR < | AC45: 0 | AD45: OOR < | AE45: 0 | AF45: OOR < | AG45: 0
A46: ADRECMO | B46: box 1 | C46: ADRECMO-21_SR_J0 | D46: A045 | E46: serum | F46: OOR < | G46: 0 | H46: OOR < | I46: 0 | J46: OOR < | K46: 0 | L46: OOR < | M46: 0 | N46: *1,21 | O46: 0 | P46: 84.53 | Q46: 0 | R46: 22.95 | S46: 0 | T46: *0,88 | U46: 0 | V46: 288.31 | W46: 0 | X46: OOR < | Y46: 0 | Z46: OOR < | AA46: 0 | AB46: OOR < | AC46: 0 | AD46: OOR < | AE46: 0 | AF46: OOR < | AG46: 0
A47: ADRECMO | B47: box 1 | C47: ADRECMO-20_SR_JS | D47: A046 | E47: serum | F47: OOR < | G47: 0 | H47: OOR < | I47: 0 | J47: OOR < | K47: 0 | L47: OOR < | M47: 0 | N47: OOR < | O47: 0 | P47: 11.75 | Q47: 0 | R47: 3.21 | S47: 0 | T47: *0,21 | U47: 0 | V47: 277.92 | W47: 0 | X47: OOR < | Y47: 0 | Z47: OOR < | AA47: 0 | AB47: OOR < | AC47: 0 | AD47: OOR < | AE47: 0 | AF47: OOR < | AG47: 0
A48: ADRECMO | B48: box 1 | C48: ADRECMO-22_SR_J0 | D48: A047 | E48: serum | F48: OOR < | G48: 0 | H48: OOR < | I48: 0 | J48: OOR < | K48: 0 | L48: OOR < | M48: 0 | N48: OOR < | O48: 0 | P48: 35.94 | Q48: 0 | R48: 37.4 | S48: 0 | T48: *1,52 | U48: 0 | V48: 459.41 | W48: 0 | X48: OOR < | Y48: 0 | Z48: OOR < | AA48: 0 | AB48: OOR < | AC48: 0 | AD48: OOR < | AE48: 0 | AF48: OOR < | AG48: 0
A49: ADRECMO | B49: box 1 | C49: ADRECMO-22_SR_JS | D49: A048 | E49: serum | F49: OOR < | G49: 0 | H49: OOR < | I49: 0 | J49: OOR < | K49: 0 | L49: OOR < | M49: 0 | N49: *1,21 | O49: 0 | P49: *7,65 | Q49: 0 | R49: 13.49 | S49: 0 | T49: 1.64 | U49: 0 | V49: 455.61 | W49: 0 | X49: OOR < | Y49: 0 | Z49: OOR < | AA49: 0 | AB49: OOR < | AC49: 0 | AD49: OOR < | AE49: 0 | AF49: OOR < | AG49: 0
A50: ADRECMO | B50: box 1 | C50: ADRECMO-23_SR_J0 | D50: A049 | E50: serum | F50: OOR < | G50: 0 | H50: OOR < | I50: 0 | J50: OOR < | K50: 0 | L50: OOR < | M50: 0 | N50: *0,59 | O50: 140.01 | P50: 16.44 | Q50: 39.79 | R50: *1,60 | S50: 65.34 | T50: OOR < | U50: 0 | V50: 87.27 | W50: 9.75 | X50: OOR < | Y50: 0 | Z50: OOR < | AA50: 0 | AB50: OOR < | AC50: 0 | AD50: OOR < | AE50: 0 | AF50: OOR < | AG50: 0
A51: ADRECMO | B51: box 1 | C51: ADRECMO-23_SR_J3 | D51: A050 | E51: serum | F51: OOR < | G51: 0 | H51: OOR < | I51: 0 | J51: OOR < | K51: 0 | L51: OOR < | M51: 0 | N51: *1,85 | O51: 49.29 | P51: 46.79 | Q51: 8.07 | R51: 2.59 | S51: 24.19 | T51: OOR < | U51: 0 | V51: 179.03 | W51: 7.58 | X51: OOR < | Y51: 0 | Z51: OOR < | AA51: 0 | AB51: OOR < | AC51: 0 | AD51: OOR < | AE51: 0 | AF51: OOR < | AG51: 0
A52: ADRECMO | B52: box 1 | C52: ADRECMO-23_SR_JS | D52: A051 | E52: serum | F52: OOR < | G52: 0 | H52: OOR < | I52: 0 | J52: OOR < | K52: 0 | L52: OOR < | M52: 0 | N52: OOR < | O52: 0 | P52: 64.1 | Q52: 19.11 | R52: 4.46 | S52: 4.07 | T52: *0,21 | U52: 94.49 | V52: 244.31 | W52: 6.86 | X52: OOR < | Y52: 0 | Z52: OOR < | AA52: 0 | AB52: OOR < | AC52: 0 | AD52: OOR < | AE52: 0 | AF52: OOR < | AG52: 0
A53: ADRECMO | B53: box 1 | C53: ADRECMO-24_SR_J0 | D53: A052 | E53: serum | F53: OOR < | G53: 0 | H53: OOR < | I53: 0 | J53: OOR < | K53: 0 | L53: OOR < | M53: 0 | N53: *1,21 | O53: 0 | P53: 39.37 | Q53: 12.27 | R53: 11.18 | S53: 26.3 | T53: 9.36 | U53: 31.53 | V53: 516.48 | W53: 15.15 | X53: OOR < | Y53: 0 | Z53: OOR < | AA53: 0 | AB53: OOR < | AC53: 0 | AD53: OOR < | AE53: 0 | AF53: OOR < | AG53: 0
A54: ADRECMO | B54: box 1 | C54: ADRECMO-24_SR_JS | D54: A053 | E54: serum | F54: OOR < | G54: 0 | H54: OOR < | I54: 0 | J54: OOR < | K54: 0 | L54: OOR < | M54: 0 | N54: OOR < | O54: 0 | P54: OOR < | Q54: 0 | R54: OOR < | S54: 0 | T54: OOR < | U54: 0 | V54: 119.46 | W54: 0.58 | X54: OOR < | Y54: 0 | Z54: OOR < | AA54: 0 | AB54: OOR < | AC54: 0 | AD54: OOR < | AE54: 0 | AF54: OOR < | AG54: 0
A55: ADRECMO | B55: box 1 | C55: ADRECMO-25_SR_J0 | D55: A054 | E55: serum | F55: 170.49 | G55: 6.96 | H55: OOR < | I55: 0 | J55: OOR < | K55: 0 | L55: OOR < | M55: 0 | N55: OOR < | O55: 0 | P55: 51.44 | Q55: 21.8 | R55: 18.43 | S55: 11.37 | T55: 9 | U55: 3.75 | V55: 658.3 | W55: 10.11 | X55: OOR < | Y55: 0 | Z55: OOR < | AA55: 0 | AB55: OOR < | AC55: 0 | AD55: OOR < | AE55: 0 | AF55: OOR < | AG55: 0
A56: ADRECMO | B56: box 1 | C56: ADRECMO-25_SR_J3 | D56: A055 | E56: serum | F56: 95.85 | G56: 2.29 | H56: OOR < | I56: 0 | J56: OOR < | K56: 0 | L56: OOR < | M56: 0 | N56: *3,83 | O56: 97.42 | P56: 35.59 | Q56: 6.87 | R56: 12.68 | S56: 9.04 | T56: OOR < | U56: 0 | V56: 552.79 | W56: 5.63 | X56: OOR < | Y56: 0 | Z56: OOR < | AA56: 0 | AB56: OOR < | AC56: 0 | AD56: OOR < | AE56: 0 | AF56: OOR < | AG56: 0
A57: ADRECMO | B57: box 1 | C57: ADRECMO-25_SR_JS | D57: A056 | E57: serum | F57: *7,54 | G57: 25.85 | H57: OOR < | I57: 0 | J57: OOR < | K57: 0 | L57: OOR < | M57: 0 | N57: OOR < | O57: 0 | P57: 34.9 | Q57: 4.22 | R57: 146.77 | S57: 13.31 | T57: OOR < | U57: 0 | V57: 693.32 | W57: 13.22 | X57: OOR < | Y57: 0 | Z57: OOR < | AA57: 0 | AB57: OOR < | AC57: 0 | AD57: OOR < | AE57: 0 | AF57: OOR < | AG57: 0
A58: ADRECMO | B58: box 1 | C58: ADRECMO-26_SR_J0 | D58: A057 | E58: serum | F58: OOR < | G58: 0 | H58: OOR < | I58: 0 | J58: OOR < | K58: 0 | L58: OOR < | M58: 0 | N58: OOR < | O58: 0 | P58: 58.28 | Q58: 5.79 | R58: 3.8 | S58: 36.38 | T58: OOR < | U58: 0 | V58: 470.06 | W58: 6.33 | X58: OOR < | Y58: 0 | Z58: OOR < | AA58: 0 | AB58: OOR < | AC58: 0 | AD58: OOR < | AE58: 0 | AF58: OOR < | AG58: 0
A59: ADRECMO | B59: box 1 | C59: ADRECMO-26_SR_J3 | D59: A058 | E59: serum | F59: OOR < | G59: 0 | H59: OOR < | I59: 0 | J59: OOR < | K59: 0 | L59: OOR < | M59: 0 | N59: OOR < | O59: 0 | P59: 62.01 | Q59: 15.42 | R59: 3.06 | S59: 61.68 | T59: OOR < | U59: 0 | V59: 506.1 | W59: 5.5 | X59: OOR < | Y59: 0 | Z59: OOR < | AA59: 0 | AB59: OOR < | AC59: 0 | AD59: OOR < | AE59: 0 | AF59: OOR < | AG59: 0
A60: ADRECMO | B60: box 1 | C60: ADRECMO-26_SR_JS | D60: A059 | E60: serum | F60: OOR < | G60: 0 | H60: OOR < | I60: 0 | J60: OOR < | K60: 0 | L60: OOR < | M60: 0 | N60: OOR < | O60: 0 | P60: 16.93 | Q60: 0 | R60: 4.34 | S60: 40.59 | T60: OOR < | U60: 0 | V60: 695.43 | W60: 3.2 | X60: OOR < | Y60: 0 | Z60: OOR < | AA60: 0 | AB60: OOR < | AC60: 0 | AD60: OOR < | AE60: 0 | AF60: OOR < | AG60: 0
A61: ADRECMO | B61: box 1 | C61: ADRECMO-27_SR_J0 | D61: A060 | E61: serum | F61: OOR < | G61: 0 | H61: OOR < | I61: 0 | J61: OOR < | K61: 0 | L61: OOR < | M61: 0 | N61: OOR < | O61: 0 | P61: 173.35 | Q61: 1.9 | R61: 50.67 | S61: 0.46 | T61: 2.25 | U61: 45.16 | V61: 699.72 | W61: 10.81 | X61: OOR < | Y61: 0 | Z61: OOR < | AA61: 0 | AB61: OOR < | AC61: 0 | AD61: OOR < | AE61: 0 | AF61: OOR < | AG61: 0
A62: ADRECMO | B62: box 1 | C62: ADRECMO-27_SR_J5 | D62: A061 | E62: serum | F62: OOR < | G62: 0 | H62: OOR < | I62: 0 | J62: OOR < | K62: 0 | L62: OOR < | M62: 0 | N62: OOR < | O62: 0 | P62: 12.76 | Q62: 28.47 | R62: *1,37 | S62: 121.82 | T62: OOR < | U62: 0 | V62: 456.5 | W62: 4.64 | X62: OOR < | Y62: 0 | Z62: OOR < | AA62: 0 | AB62: OOR < | AC62: 0 | AD62: OOR < | AE62: 0 | AF62: OOR < | AG62: 0
A63: ADRECMO | B63: box 1 | C63: ADRECMO-28_SR_J0 | D63: A062 | E63: serum | F63: OOR < | G63: 0 | H63: OOR < | I63: 0 | J63: OOR < | K63: 0 | L63: OOR < | M63: 0 | N63: OOR < | O63: 0 | P63: 448.86 | Q63: 9.25 | R63: 26.75 | S63: 19.43 | T63: 19.41 | U63: 11.62 | V63: 682.55 | W63: 11.06 | X63: OOR < | Y63: 0 | Z63: OOR < | AA63: 0 | AB63: OOR < | AC63: 0 | AD63: OOR < | AE63: 0 | AF63: OOR < | AG63: 0
A64: ADRECMO | B64: box 1 | C64: ADRECMO-29_SR_J0 | D64: A063 | E64: serum | F64: OOR < | G64: 0 | H64: OOR < | I64: 0 | J64: OOR < | K64: 0 | L64: OOR < | M64: 0 | N64: OOR < | O64: 0 | P64: 268.46 | Q64: 13.77 | R64: 12.5 | S64: 18.32 | T64: 14.51 | U64: 11.45 | V64: 481.29 | W64: 12.51 | X64: OOR < | Y64: 0 | Z64: OOR < | AA64: 0 | AB64: OOR < | AC64: 0 | AD64: OOR < | AE64: 0 | AF64: OOR < | AG64: 0
A65: ADRECMO | B65: box 1 | C65: ADRECMO-28_SR_J3 | D65: A064 | E65: serum | F65: OOR < | G65: 0 | H65: OOR < | I65: 0 | J65: OOR < | K65: 0 | L65: OOR < | M65: 0 | N65: OOR < | O65: 0 | P65: 89.57 | Q65: 22.29 | R65: 17.82 | S65: 5.54 | T65: OOR < | U65: 0 | V65: 572.75 | W65: 3.72 | X65: OOR < | Y65: 0 | Z65: OOR < | AA65: 0 | AB65: OOR < | AC65: 0 | AD65: OOR < | AE65: 0 | AF65: OOR < | AG65: 0
A66: ADRECMO | B66: box 1 | C66: ADRECMO-29_SR_J5 | D66: A065 | E66: serum | F66: OOR < | G66: 0 | H66: OOR < | I66: 0 | J66: OOR < | K66: 0 | L66: OOR < | M66: 0 | N66: OOR < | O66: 0 | P66: 18.55 | Q66: 0 | R66: 9.91 | S66: 0 | T66: OOR < | U66: 0 | V66: 310.22 | W66: 0 | X66: OOR < | Y66: 0 | Z66: OOR < | AA66: 0 | AB66: OOR < | AC66: 0 | AD66: OOR < | AE66: 0 | AF66: OOR < | AG66: 0
A67: ADRECMO | B67: box 1 | C67: ADRECMO-29_SR_JS | D67: A066 | E67: serum | F67: OOR < | G67: 0 | H67: OOR < | I67: 0 | J67: OOR < | K67: 0 | L67: OOR < | M67: 0 | N67: OOR < | O67: 0 | P67: 94.03 | Q67: 0 | R67: 6.49 | S67: 0 | T67: OOR < | U67: 0 | V67: 497.67 | W67: 0 | X67: OOR < | Y67: 0 | Z67: OOR < | AA67: 0 | AB67: OOR < | AC67: 0 | AD67: OOR < | AE67: 0 | AF67: OOR < | AG67: 0
A68: ADRECMO | B68: box 1 | C68: ADRECMO-30_SR_J0 | D68: A067 | E68: serum | F68: OOR < | G68: 0 | H68: OOR < | I68: 0 | J68: OOR < | K68: 0 | L68: OOR < | M68: 0 | N68: 6.32 | O68: 0 | P68: 13.61 | Q68: 0 | R68: 14.37 | S68: 0 | T68: OOR < | U68: 0 | V68: 701.63 | W68: 0 | X68: OOR < | Y68: 0 | Z68: OOR < | AA68: 0 | AB68: OOR < | AC68: 0 | AD68: OOR < | AE68: 0 | AF68: OOR < | AG68: 0
A69: ADRECMO | B69: box 1 | C69: ADRECMO-30_SR_J3-J5 | D69: A068 | E69: serum | F69: OOR < | G69: 0 | H69: OOR < | I69: 0 | J69: OOR < | K69: 0 | L69: OOR < | M69: 0 | N69: OOR < | O69: 0 | P69: 24.86 | Q69: 0 | R69: 8.54 | S69: 0 | T69: OOR < | U69: 0 | V69: 715.03 | W69: 0 | X69: OOR < | Y69: 0 | Z69: OOR < | AA69: 0 | AB69: OOR < | AC69: 0 | AD69: OOR < | AE69: 0 | AF69: OOR < | AG69: 0
A70: ADRECMO | B70: box 1 | C70: ADRECMO-31_SR_J0 | D70: A069 | E70: serum | F70: OOR < | G70: 0 | H70: OOR < | I70: 0 | J70: OOR < | K70: 0 | L70: OOR < | M70: 0 | N70: OOR < | O70: 0 | P70: OOR < | Q70: 0 | R70: 5.41 | S70: 0 | T70: 3.35 | U70: 0 | V70: 584.04 | W70: 0 | X70: OOR < | Y70: 0 | Z70: OOR < | AA70: 0 | AB70: OOR < | AC70: 0 | AD70: OOR < | AE70: 0 | AF70: OOR < | AG70: 0
A71: ADRECMO | B71: box 1 | C71: ADRECMO-30_SR_JSEVRAGE | D71: A070 | E71: serum | F71: OOR < | G71: 0 | H71: OOR < | I71: 0 | J71: OOR < | K71: 0 | L71: OOR < | M71: 0 | N71: OOR < | O71: 0 | P71: 21.74 | Q71: 0 | R71: 17.56 | S71: 0 | T71: OOR < | U71: 0 | V71: 881.99 | W71: 0 | X71: OOR < | Y71: 0 | Z71: OOR < | AA71: 0 | AB71: OOR < | AC71: 0 | AD71: OOR < | AE71: 0 | AF71: OOR < | AG71: 0
A72: ADRECMO | B72: box 1 | C72: ADRECMO-31_SR_J3-5 | D72: A071 | E72: serum | F72: OOR < | G72: 0 | H72: OOR < | I72: 0 | J72: OOR < | K72: 0 | L72: OOR < | M72: 0 | N72: OOR < | O72: 0 | P72: OOR < | Q72: 0 | R72: 5.96 | S72: 0 | T72: OOR < | U72: 0 | V72: 346 | W72: 0 | X72: OOR < | Y72: 0 | Z72: OOR < | AA72: 0 | AB72: OOR < | AC72: 0 | AD72: OOR < | AE72: 0 | AF72: OOR < | AG72: 0
A73: ADRECMO | B73: box 1 | C73: ADRECMO-32_SR_J0 | D73: A072 | E73: serum | F73: OOR < | G73: 0 | H73: OOR < | I73: 0 | J73: OOR < | K73: 0 | L73: OOR < | M73: 0 | N73: OOR < | O73: 0 | P73: 99.1 | Q73: 0 | R73: 53.61 | S73: 0 | T73: 9.86 | U73: 0 | V73: 1452.91 | W73: 0 | X73: OOR < | Y73: 0 | Z73: OOR < | AA73: 0 | AB73: OOR < | AC73: 0 | AD73: OOR < | AE73: 0 | AF73: OOR < | AG73: 0
A74: ADRECMO | B74: box 1 | C74: ADRECMO-32_SR_J3 | D74: A073 | E74: serum | F74: OOR < | G74: 0 | H74: OOR < | I74: 0 | J74: OOR < | K74: 0 | L74: OOR < | M74: 0 | N74: OOR < | O74: 0 | P74: 16.11 | Q74: 0 | R74: 20.76 | S74: 0 | T74: OOR < | U74: 0 | V74: 774.66 | W74: 0 | X74: OOR < | Y74: 0 | Z74: OOR < | AA74: 0 | AB74: OOR < | AC74: 0 | AD74: OOR < | AE74: 0 | AF74: OOR < | AG74: 0
A75: ADRECMO | B75: box 1 | C75: ADRECMO-31_SR_JS | D75: A074 | E75: serum | F75: OOR < | G75: 0 | H75: OOR < | I75: 0 | J75: OOR < | K75: 0 | L75: OOR < | M75: 0 | N75: OOR < | O75: 0 | P75: 16.11 | Q75: 0 | R75: 6.49 | S75: 0 | T75: OOR < | U75: 0 | V75: 488.31 | W75: 0 | X75: OOR < | Y75: 0 | Z75: OOR < | AA75: 0 | AB75: OOR < | AC75: 0 | AD75: OOR < | AE75: 0 | AF75: OOR < | AG75: 0
A76: ADRECMO | B76: box 1 | C76: ADRECMO-33_SR_J0 | D76: A075 | E76: serum | F76: OOR < | G76: 0 | H76: OOR < | I76: 0 | J76: OOR < | K76: 0 | L76: OOR < | M76: 0 | N76: OOR < | O76: 0 | P76: 14.45 | Q76: 0 | R76: OOR < | S76: 0 | T76: OOR < | U76: 0 | V76: 276.13 | W76: 0 | X76: OOR < | Y76: 0 | Z76: OOR < | AA76: 0 | AB76: OOR < | AC76: 0 | AD76: OOR < | AE76: 0 | AF76: OOR < | AG76: 0
A77: ADRECMO | B77: box 1 | C77: ADRECMO-34_SR_J0 | D77: A076 | E77: serum | F77: OOR < | G77: 0 | H77: OOR < | I77: 0 | J77: OOR < | K77: 0 | L77: OOR < | M77: 0 | N77: OOR < | O77: 0 | P77: 879.06 | Q77: 0 | R77: 227.43 | S77: 0 | T77: 34.91 | U77: 0 | V77: 1076 | W77: 0 | X77: OOR < | Y77: 0 | Z77: OOR < | AA77: 0 | AB77: OOR < | AC77: 0 | AD77: OOR < | AE77: 0 | AF77: OOR < | AG77: 0
A78: ADRECMO | B78: box 1 | C78: ADRECMO-35_SR_J0 | D78: A077 | E78: serum | F78: OOR < | G78: 0 | H78: OOR < | I78: 0 | J78: OOR < | K78: 0 | L78: OOR < | M78: 0 | N78: OOR < | O78: 0 | P78: 2566.4 | Q78: 0 | R78: 1088.49 | S78: 0 | T78: 422.07 | U78: 0 | V78: 545.49 | W78: 0 | X78: OOR < | Y78: 0 | Z78: OOR < | AA78: 0 | AB78: OOR < | AC78: 0 | AD78: OOR < | AE78: 0 | AF78: OOR < | AG78: 0
A79: ADRECMO | B79: box 1 | C79: ADRECMO-36_SR_J0 | D79: A078 | E79: serum | F79: OOR < | G79: 0 | H79: OOR < | I79: 0 | J79: OOR < | K79: 0 | L79: OOR < | M79: 0 | N79: OOR < | O79: 0 | P79: 49.67 | Q79: 0 | R79: 16.42 | S79: 0 | T79: 5.87 | U79: 0 | V79: 330.96 | W79: 0 | X79: OOR < | Y79: 0 | Z79: OOR < | AA79: 0 | AB79: OOR < | AC79: 0 | AD79: OOR < | AE79: 0 | AF79: OOR < | AG79: 0
A80: ADRECMO | B80: box 1 | C80: ADRECMO-36_SR_J3 | D80: A079 | E80: serum | F80: OOR < | G80: 0 | H80: OOR < | I80: 0 | J80: OOR < | K80: 0 | L80: OOR < | M80: 0 | N80: OOR < | O80: 0 | P80: 466.22 | Q80: 0 | R80: 12.64 | S80: 0 | T80: 9.61 | U80: 0 | V80: 364.78 | W80: 0 | X80: OOR < | Y80: 0 | Z80: OOR < | AA80: 0 | AB80: OOR < | AC80: 0 | AD80: OOR < | AE80: 0 | AF80: OOR < | AG80: 0
A81: ADRECMO | B81: box 1 | C81: ADRECMO-37_SR_J0 | D81: A080 | E81: serum | F81: OOR < | G81: 0 | H81: OOR < | I81: 0 | J81: OOR < | K81: 0 | L81: OOR < | M81: 0 | N81: OOR < | O81: 0 | P81: 101.62 | Q81: 0 | R81: 12.36 | S81: 0 | T81: OOR < | U81: 0 | V81: 413.48 | W81: 0 | X81: OOR < | Y81: 0 | Z81: OOR < | AA81: 0 | AB81: OOR < | AC81: 0 | AD81: OOR < | AE81: 0 | AF81: OOR < | AG81: 0
A82: ADRECMO | B82: box 1 | C82: ADRECMO-36_SR_JS | D82: A081 | E82: serum | F82: OOR < | G82: 0 | H82: OOR < | I82: 0 | J82: OOR < | K82: 0 | L82: OOR < | M82: 0 | N82: OOR < | O82: 0 | P82: 53.14 | Q82: 0 | R82: 7.32 | S82: 0 | T82: OOR < | U82: 0 | V82: 317.77 | W82: 0 | X82: OOR < | Y82: 0 | Z82: OOR < | AA82: 0 | AB82: OOR < | AC82: 0 | AD82: OOR < | AE82: 0 | AF82: OOR < | AG82: 0
A83: ADRECMO | B83: box 2 | C83: ADRECMO-38_SR_J0 | D83: A082 | E83: serum | F83: OOR < | G83: 0 | H83: OOR < | I83: 0 | J83: OOR < | K83: 0 | L83: OOR < | M83: 0 | N83: OOR < | O83: 0 | P83: 20.16 | Q83: 0 | R83: 12.73 | S83: 0 | T83: 10.17 | U83: 0 | V83: 178.67 | W83: 0 | X83: OOR < | Y83: 0 | Z83: OOR < | AA83: 0 | AB83: OOR < | AC83: 0 | AD83: OOR < | AE83: 0 | AF83: OOR < | AG83: 0
A84: ADRECMO | B84: box 2 | C84: ADRECMO-37_SR_J4 | D84: A083 | E84: serum | F84: OOR < | G84: 0 | H84: OOR < | I84: 0 | J84: OOR < | K84: 0 | L84: OOR < | M84: 0 | N84: OOR < | O84: 0 | P84: 27.93 | Q84: 0 | R84: 25.41 | S84: 0 | T84: OOR < | U84: 0 | V84: 749.58 | W84: 0 | X84: OOR < | Y84: 0 | Z84: OOR < | AA84: 0 | AB84: OOR < | AC84: 0 | AD84: OOR < | AE84: 0 | AF84: OOR < | AG84: 0
A85: ADRECMO | B85: box 2 | C85: ADRECMO-38_SR_J3 | D85: A084 | E85: serum | F85: OOR < | G85: 0 | H85: OOR < | I85: 0 | J85: OOR < | K85: 0 | L85: OOR < | M85: 0 | N85: OOR < | O85: 0 | P85: 46.16 | Q85: 0 | R85: 52.63 | S85: 0 | T85: OOR < | U85: 0 | V85: 205.08 | W85: 0 | X85: OOR < | Y85: 0 | Z85: OOR < | AA85: 0 | AB85: OOR < | AC85: 0 | AD85: 13.06 | AE85: 0 | AF85: OOR < | AG85: 0
A86: ADRECMO | B86: box 2 | C86: ADRECMO-39_SR_J0 | D86: A085 | E86: serum | F86: OOR < | G86: 0 | H86: OOR < | I86: 0 | J86: OOR < | K86: 0 | L86: OOR < | M86: 0 | N86: 42.71 | O86: 0 | P86: 2182 | Q86: 0 | R86: 315.57 | S86: 0 | T86: 48.47 | U86: 0 | V86: 403.19 | W86: 0 | X86: OOR < | Y86: 0 | Z86: OOR < | AA86: 0 | AB86: OOR < | AC86: 0 | AD86: OOR < | AE86: 0 | AF86: OOR < | AG86: 0
A87: ADRECMO | B87: box 2 | C87: ADRECMO-40_SR_J0 | D87: A086 | E87: serum | F87: OOR < | G87: 0 | H87: OOR < | I87: 0 | J87: OOR < | K87: 0 | L87: OOR < | M87: 0 | N87: OOR < | O87: 0 | P87: 31.69 | Q87: 0 | R87: 12.54 | S87: 0 | T87: 18.25 | U87: 0 | V87: 525.78 | W87: 0 | X87: OOR < | Y87: 0 | Z87: OOR < | AA87: 0 | AB87: OOR < | AC87: 0 | AD87: OOR < | AE87: 0 | AF87: OOR < | AG87: 0
A88: ADRECMO | B88: box 2 | C88: ADRECMO-40_SR_J3 | D88: A087 | E88: serum | F88: OOR < | G88: 0 | H88: OOR < | I88: 0 | J88: OOR < | K88: 0 | L88: OOR < | M88: 0 | N88: OOR < | O88: 0 | P88: OOR < | Q88: 0 | R88: 29.57 | S88: 0 | T88: *0,67 | U88: 0 | V88: 654.01 | W88: 0 | X88: OOR < | Y88: 0 | Z88: OOR < | AA88: 0 | AB88: OOR < | AC88: 0 | AD88: OOR < | AE88: 0 | AF88: OOR < | AG88: 0
A89: ADRECMO | B89: box 2 | C89: ADRECMO-41_SR_J0 | D89: A088 | E89: serum | F89: OOR < | G89: 0 | H89: OOR < | I89: 0 | J89: OOR < | K89: 0 | L89: OOR < | M89: 0 | N89: OOR < | O89: 0 | P89: 237.15 | Q89: 0 | R89: 61.22 | S89: 0 | T89: 7.77 | U89: 0 | V89: 393.83 | W89: 0 | X89: OOR < | Y89: 0 | Z89: OOR < | AA89: 0 | AB89: OOR < | AC89: 0 | AD89: OOR < | AE89: 0 | AF89: OOR < | AG89: 0
A90: ADRECMO | B90: box 2 | C90: ADRECMO-40_JS | D90: A089 | E90: serum | F90: OOR < | G90: 0 | H90: OOR < | I90: 0 | J90: OOR < | K90: 0 | L90: OOR < | M90: 0 | N90: OOR < | O90: 0 | P90: 48.97 | Q90: 0 | R90: 8.54 | S90: 0 | T90: OOR < | U90: 0 | V90: 555.82 | W90: 0 | X90: OOR < | Y90: 0 | Z90: OOR < | AA90: 0 | AB90: OOR < | AC90: 0 | AD90: OOR < | AE90: 0 | AF90: OOR < | AG90: 0
A91: ADRECMO | B91: box 2 | C91: ADRECMO-41_SR_JS | D91: A090 | E91: serum | F91: OOR < | G91: 0 | H91: OOR < | I91: 0 | J91: OOR < | K91: 0 | L91: OOR < | M91: 0 | N91: OOR < | O91: 0 | P91: 46.16 | Q91: 0 | R91: 10.67 | S91: 0 | T91: 5.44 | U91: 0 | V91: 550.18 | W91: 0 | X91: OOR < | Y91: 0 | Z91: OOR < | AA91: 0 | AB91: OOR < | AC91: 0 | AD91: OOR < | AE91: 0 | AF91: OOR < | AG91: 0
A92: ADRECMO | B92: box 2 | C92: ADRECMO-42_SR_J0 | D92: A091 | E92: serum | F92: OOR < | G92: 0 | H92: OOR < | I92: 0 | J92: OOR < | K92: 0 | L92: OOR < | M92: 0 | N92: OOR < | O92: 0 | P92: 141.45 | Q92: 0 | R92: 4.04 | S92: 0 | T92: 2.15 | U92: 0 | V92: 246.56 | W92: 0 | X92: OOR < | Y92: 0 | Z92: OOR < | AA92: 0 | AB92: OOR < | AC92: 0 | AD92: OOR < | AE92: 0 | AF92: OOR < | AG92: 0
A93: ADRECMO | B93: box 2 | C93: ADRECMO-42_SR_JS | D93: A092 | E93: serum | F93: OOR < | G93: 0 | H93: OOR < | I93: 0 | J93: OOR < | K93: 0 | L93: OOR < | M93: 0 | N93: OOR < | O93: 0 | P93: 24.86 | Q93: 0 | R93: 2.53 | S93: 0 | T93: OOR < | U93: 0 | V93: 448.08 | W93: 0 | X93: OOR < | Y93: 0 | Z93: OOR < | AA93: 0 | AB93: OOR < | AC93: 0 | AD93: OOR < | AE93: 0 | AF93: OOR < | AG93: 0
A94: ADRECMO | B94: box 2 | C94: ADRECMO-43_SR_J0 | D94: A093 | E94: serum | F94: OOR < | G94: 0 | H94: OOR < | I94: 0 | J94: OOR < | K94: 0 | L94: OOR < | M94: 0 | N94: OOR < | O94: 0 | P94: *6,53 | Q94: 0 | R94: 4.85 | S94: 0 | T94: OOR < | U94: 0 | V94: 380.71 | W94: 0 | X94: OOR < | Y94: 0 | Z94: OOR < | AA94: 0 | AB94: OOR < | AC94: 0 | AD94: OOR < | AE94: 0 | AF94: OOR < | AG94: 0
A95: ADRECMO | B95: box 2 | C95: ADRECMO-43_SR_J5 | D95: A094 | E95: serum | F95: OOR < | G95: 0 | H95: OOR < | I95: 0 | J95: OOR < | K95: 0 | L95: OOR < | M95: 0 | N95: OOR < | O95: 0 | P95: OOR < | Q95: 0 | R95: 4.51 | S95: 0 | T95: OOR < | U95: 0 | V95: 308.33 | W95: 0 | X95: OOR < | Y95: 0 | Z95: OOR < | AA95: 0 | AB95: OOR < | AC95: 0 | AD95: OOR < | AE95: 0 | AF95: OOR < | AG95: 0
A96: ADRECMO | B96: box 2 | C96: ADRECMO-44_SR_J0 | D96: A095 | E96: serum | F96: OOR < | G96: 0 | H96: OOR < | I96: 0 | J96: OOR < | K96: 0 | L96: OOR < | M96: 0 | N96: OOR < | O96: 0 | P96: 249.95 | Q96: 0 | R96: 28.66 | S96: 0 | T96: 4.08 | U96: 0 | V96: 384.46 | W96: 0 | X96: OOR < | Y96: 0 | Z96: OOR < | AA96: 0 | AB96: OOR < | AC96: 0 | AD96: OOR < | AE96: 0 | AF96: OOR < | AG96: 0
A97: ADRECMO | B97: box 2 | C97: ADRECMO-44_SR_J5 | D97: A096 | E97: serum | F97: OOR < | G97: 0 | H97: OOR < | I97: 0 | J97: OOR < | K97: 0 | L97: OOR < | M97: 0 | N97: 17.15 | O97: 0 | P97: 1110.18 | Q97: 0 | R97: 75.38 | S97: 0 | T97: OOR < | U97: 0 | V97: 1028.01 | W97: 0 | X97: OOR < | Y97: 0 | Z97: OOR < | AA97: 0 | AB97: OOR < | AC97: 0 | AD97: OOR < | AE97: 0 | AF97: OOR < | AG97: 0
A98: ADRECMO | B98: box 2 | C98: ADRECMO-45_SR_J0 | D98: A097 | E98: serum | F98: OOR < | G98: 0 | H98: OOR < | I98: 0 | J98: OOR < | K98: 0 | L98: OOR < | M98: 0 | N98: OOR < | O98: 0 | P98: 24.86 | Q98: 0 | R98: 12.54 | S98: 0 | T98: OOR < | U98: 0 | V98: 649.27 | W98: 0 | X98: OOR < | Y98: 0 | Z98: OOR < | AA98: 0 | AB98: OOR < | AC98: 0 | AD98: OOR < | AE98: 0 | AF98: OOR < | AG98: 0
A99: ADRECMO | B99: box 2 | C99: ADRECMO-45_SR_J3-J5 | D99: A098 | E99: serum | F99: OOR < | G99: 0 | H99: OOR < | I99: 0 | J99: OOR < | K99: 0 | L99: OOR < | M99: 0 | N99: OOR < | O99: 0 | P99: 393.21 | Q99: 0 | R99: 19.64 | S99: 0 | T99: 1.84 | U99: 0 | V99: 709.28 | W99: 0 | X99: OOR < | Y99: 0 | Z99: OOR < | AA99: 0 | AB99: OOR < | AC99: 0 | AD99: OOR < | AE99: 0 | AF99: OOR < | AG99: 0
A100: ADRECMO | B100: box 2 | C100: ADRECMO-45_SR_JS | D100: A099 | E100: serum | F100: OOR < | G100: 0 | H100: OOR < | I100: 0 | J100: OOR < | K100: 0 | L100: OOR < | M100: 0 | N100: OOR < | O100: 0 | P100: 39.02 | Q100: 0 | R100: 6.28 | S100: 0 | T100: OOR < | U100: 0 | V100: 585.93 | W100: 0 | X100: OOR < | Y100: 0 | Z100: OOR < | AA100: 0 | AB100: OOR < | AC100: 0 | AD100: OOR < | AE100: 0 | AF100: OOR < | AG100: 0
...

Sheet Obs Conc_1
A1: File Name: C:\Documents and Settings\HUE Sophie\Desktop\resultats et analyses luminex\14-plex Malha-1_120525.rbx
A2: Acquisition Date: 12-May-2025, 12:43 PM
A3: Reader Serial Number: LX10009159402
A4: Standard Lot: 446273-000 Expiration Date: 30-Apr-2026
A5: Plate ID:
A6: RP1 PMT (Volts): 538.22
A7: RP1 Target: 3652
D9: IL-33 (12) | E9: IL1b (18) | F9: IL2 (19) | G9: IL4 (20) | H9: IL5 (21) | I9: IL6 (25) | J9: IL-8/CXCL8 (27) | K9: IL10 (28) | L9: GDF-15 (33) | M9: IL12p70 (34) | N9: IL17A/CTLA-8 (36) | O9: IFNg (43) | P9: TNFa (45) | Q9: Granzyme B (72)
A10: Type | B10: Well | C10: Description | D10: Obs Conc | E10: Obs Conc | F10: Obs Conc | G10: Obs Conc | H10: Obs Conc | I10: Obs Conc | J10: Obs Conc | K10: Obs Conc | L10: Obs Conc | M10: Obs Conc | N10: Obs Conc | O10: Obs Conc | P10: Obs Conc | Q10: Obs Conc
A11: B | B11: A3,B3
A12: S1 | B12: A1,B1 | E12: 11283.62 | H12: 30191.98 | J12: 9611.33 | K12: 6794.37 | M12: 27927.58 | N12: 15490.17 | P12: 22060.05
A13: S2 | B13: C1,D1 | D13: 21748.31 | E13: 2743.9 | F13: 7308.92 | G13: 13329.35 | H13: 8439.5 | I13: 8900.43 | J13: 2401.3 | K13: 1666.3 | L13: 13816.93 | M13: 7465.45 | N13: 3772.65 | P13: 6592.55 | Q13: 12210.79
A14: S3 | B14: E1,F1 | D14: 5308 | E14: 717.35 | F14: 1848.78 | G14: 3358.35 | H14: 1999.65 | I14: 2224.85 | J14: 597.49 | K14: 429.63 | L14: 3440.5 | M14: 1749.53 | N14: 957.44 | O14: 2777.41 | P14: 1470.01 | Q14: 3072.81
A15: S4 | B15: G1,H1 | D15: 1352.46 | E15: 172.43 | F15: 456.23 | G15: 832.77 | H15: 536.42 | I15: 560.27 | J15: 151.45 | K15: 103.76 | L15: 867.75 | M15: 467.6 | N15: 237.01 | O15: 679.06 | P15: 392.79 | Q15: 766.18
A16: S5 | B16: A2,B2 | D16: 331.82 | E16: 44.04 | F16: 115.9 | G16: 208.79 | H16: 122.92 | I16: 135.92 | J16: 37 | K16: 26.53 | L16: 213.43 | M16: 116.6 | N16: 58.12 | O16: 178.99 | P16: 95.45 | Q16: 192.3
A17: S6 | B17: C2,D2 | D17: 84.84 | E17: 10.9 | F17: 28.35 | G17: 52.95 | H17: 32.79 | I17: 35.94 | J17: 9.5 | K17: 6.61 | L17: 54.67 | M17: 26.56 | N17: 15.42 | O17: 41.28 | P17: 24.41 | Q17: 47.73
A18: S7 | B18: E2,F2 | D18: 20.67 | F18: 7.32 | G18: 12.51 | H18: 7.95 | I18: 8.49 | J18: 2.32 | K18: 1.64 | L18: 13.29 | M18: 7.38 | N18: 3.62 | O18: 11.38 | P18: 5.57 | Q18: 12.09
A19: S8 | B19: G2,H2 | G19: 3.56 | O19: 2.58 | P19: 1.64
A20: C1 | B20: C3,D3 | C20: S2 | D20: 18988.24 | E20: 2910.69 | F20: 5590.82 | G20: 11435.28 | H20: 8439.5 | I20: 5825.3 | J20: 2284.84 | K20: 1517.74 | L20: 11926.59 | M20: 6839.28 | N20: 3791.25 | O20: *3327.66 | P20: 7689.3 | Q20: 7518.9
A21: C2 | B21: E3,F3 | C21: S4 | D21: 1203.7 | E21: 164.75 | F21: 404.74 | G21: 741.87 | H21: 542.65 | I21: 532.9 | J21: 142.16 | K21: 102.41 | L21: 774.74 | M21: 438.48 | N21: 239.33 | O21: 613.12 | P21: 394.51 | Q21: 671.2
A22: C3 | B22: G3,H3 | C22: S6 | D22: 92.73 | E22: *9.85 | F22: 26.21 | G22: 50.87 | H22: 24.58 | I22: 33.51 | J22: 9.42 | K22: 7.33 | L22: 56.23 | M22: 30.65 | N22: 13.39 | O22: 41.74 | P22: 24.9 | Q22: 44.3
A23: X1 | B23: A4,A11 | C23: A001 | D23: OOR < | E23: OOR < | F23: OOR < | G23: OOR < | H23: OOR < | I23: 25.35 | J23: 9.83 | K23: OOR < | L23: 405.42 | M23: OOR < | N23: OOR < | O23: OOR < | P23: OOR < | Q23: OOR <
A24: X2 | B24: B4,B11 | C24: A002 | D24: OOR < | E24: OOR < | F24: OOR < | G24: OOR < | H24: *2.50 | I24: 47.13 | J24: 3.29 | K24: OOR < | L24: 313.34 | M24: OOR < | N24: OOR < | O24: OOR < | P24: OOR < | Q24: OOR <
A25: X3 | B25: C4,C11 | C25: A003 | D25: OOR < | E25: OOR < | F25: OOR < | G25: OOR < | H25: *0.01 | I25: 53.41 | J25: 3.47 | K25: OOR < | L25: 379.9 | M25: OOR < | N25: OOR < | O25: OOR < | P25: OOR < | Q25: OOR <
A26: X4 | B26: D4,D11 | C26: A004 | D26: OOR < | E26: OOR < | F26: OOR < | G26: OOR < | H26: *5.19 | I26: 416.67 | J26: 87.29 | K26: 105.86 | L26: 660.73 | M26: OOR < | N26: OOR < | O26: OOR < | P26: OOR < | Q26: OOR <
A27: X5 | B27: E4,E11 | C27: A005 | D27: OOR < | E27: OOR < | F27: OOR < | G27: OOR < | H27: *6.56 | I27: 50.78 | J27: 18.75 | K27: *1.52 | L27: 580.6 | M27: OOR < | N27: OOR < | O27: OOR < | P27: OOR < | Q27: OOR <
A28: X6 | B28: F4,F11 | C28: A006 | D28: OOR < | E28: OOR < | F28: OOR < | G28: OOR < | H28: *6.56 | I28: 55.37 | J28: 22.31 | K28: 4.12 | L28: 655.39 | M28: OOR < | N28: OOR < | O28: OOR < | P28: OOR < | Q28: OOR <
A29: X7 | B29: G4,G11 | C29: A007 | D29: OOR < | E29: OOR < | F29: OOR < | G29: OOR < | H29: *0.01 | I29: 90.99 | J29: 2.81 | K29: 10.4 | L29: 423.87 | M29: OOR < | N29: OOR < | O29: OOR < | P29: OOR < | Q29: OOR <
A30: X8 | B30: H4,H11 | C30: A008 | D30: OOR < | E30: OOR < | F30: OOR < | G30: OOR < | H30: *3.83 | I30: 59.92 | J30: 2.5 | K30: OOR < | L30: 416.77 | M30: OOR < | N30: OOR < | O30: OOR < | P30: OOR < | Q30: OOR <
A31: X9 | B31: A5 | C31: A009 | D31: OOR < | E31: OOR < | F31: OOR < | G31: OOR < | H31: OOR < | I31: 42.76 | J31: 5.77 | K31: OOR < | L31: 613.32 | M31: OOR < | N31: OOR < | O31: OOR < | P31: OOR < | Q31: OOR <
A32: X10 | B32: B5 | C32: A010 | D32: OOR < | E32: OOR < | F32: OOR < | G32: OOR < | H32: 9.36 | I32: 347.38 | J32: 47.59 | K32: 17.34 | L32: 308.15 | M32: OOR < | N32: OOR < | O32: OOR < | P32: OOR < | Q32: OOR <
A33: X11 | B33: C5 | C33: A011 | D33: OOR < | E33: OOR < | F33: OOR < | G33: OOR < | H33: OOR < | I33: 13.34 | J33: *2.06 | K33: OOR < | L33: 267.51 | M33: OOR < | N33: OOR < | O33: OOR < | P33: OOR < | Q33: OOR <
A34: X12 | B34: D5 | C34: A012 | D34: OOR < | E34: OOR < | F34: OOR < | G34: OOR < | H34: *1.21 | I34: 8.49 | J34: 8.1 | K34: OOR < | L34: 327.98 | M34: OOR < | N34: OOR < | O34: OOR < | P34: OOR < | Q34: OOR <
A35: X13 | B35: E5 | C35: A013 | D35: OOR < | E35: OOR < | F35: OOR < | G35: OOR < | H35: *1.21 | I35: 290.74 | J35: 114.27 | K35: 9.42 | L35: 2386.6 | M35: OOR < | N35: OOR < | O35: OOR < | P35: OOR < | Q35: OOR <
A36: X14 | B36: F5 | C36: A014 | D36: OOR < | E36: OOR < | F36: OOR < | G36: OOR < | H36: 12.19 | I36: 142.29 | J36: 31.57 | K36: 5.1 | L36: 1455.97 | M36: OOR < | N36: OOR < | O36: OOR < | P36: OOR < | Q36: OOR <
A37: X15 | B37: G5 | C37: A015 | D37: OOR < | E37: OOR < | F37: OOR < | G37: OOR < | H37: *3.83 | I37: 227.73 | J37: 36.68 | K37: OOR < | L37: 633.6 | M37: OOR < | N37: OOR < | O37: OOR < | P37: OOR < | Q37: OOR <
A38: X16 | B38: H5 | C38: A016 | D38: OOR < | E38: OOR < | F38: OOR < | G38: OOR < | H38: *1.21 | I38: 78.32 | J38: 14.38 | K38: OOR < | L38: 506.95 | M38: OOR < | N38: OOR < | O38: OOR < | P38: OOR < | Q38: OOR <
A39: X17 | B39: A6 | C39: A017 | D39: OOR < | E39: OOR < | F39: OOR < | G39: OOR < | H39: OOR < | I39: 18.72 | J39: 5.26 | K39: OOR < | L39: 398.8 | M39: OOR < | N39: OOR < | O39: OOR < | P39: OOR < | Q39: OOR <
A40: X18 | B40: B6 | C40: A018 | D40: OOR < | E40: OOR < | F40: OOR < | G40: OOR < | H40: 15.07 | I40: 2035.06 | J40: 179.94 | K40: 212.38 | L40: 711.38 | M40: OOR < | N40: OOR < | O40: OOR < | P40: 2.18 | Q40: OOR <
A41: X19 | B41: C6 | C41: A019 | D41: OOR < | E41: OOR < | F41: OOR < | G41: OOR < | H41: OOR < | I41: 72.05 | J41: 217.63 | K41: 3.14 | L41: 2242.26 | M41: OOR < | N41: OOR < | O41: OOR < | P41: OOR < | Q41: OOR <
A42: X20 | B42: D6 | C42: A020 | D42: OOR < | E42: OOR < | F42: OOR < | G42: OOR < | H42: *1.21 | I42: 61.21 | J42: 193.3 | K42: 4.61 | L42: 737.83 | M42: OOR < | N42: OOR < | O42: OOR < | P42: OOR < | Q42: OOR <
A43: X21 | B43: E6 | C43: A021 | D43: OOR < | E43: OOR < | F43: OOR < | G43: OOR < | H43: OOR < | I43: 14.9 | J43: *0.66 | K43: OOR < | L43: 264.67 | M43: OOR < | N43: OOR < | O43: OOR < | P43: OOR < | Q43: OOR <
A44: X22 | B44: F6 | C44: A022 | D44: OOR < | E44: OOR < | F44: OOR < | G44: OOR < | H44: OOR < | I44: 17.2 | J44: 2.68 | K44: OOR < | L44: 289.26 | M44: OOR < | N44: OOR < | O44: OOR < | P44: OOR < | Q44: OOR <
A45: X23 | B45: G6 | C45: A023 | D45: OOR < | E45: OOR < | F45: OOR < | G45: OOR < | H45: OOR < | I45: OOR < | J45: *0.86 | K45: OOR < | L45: 330.81 | M45: OOR < | N45: OOR < | O45: OOR < | P45: OOR < | Q45: OOR <
A46: X24 | B46: H6 | C46: A024 | D46: OOR < | E46: OOR < | F46: OOR < | G46: OOR < | H46: *3.83 | I46: 46.13 | J46: 5.77 | K46: *0.48 | L46: 291.15 | M46: OOR < | N46: OOR < | O46: OOR < | P46: OOR < | Q46: OOR <
A47: X25 | B47: A7 | C47: A025 | D47: OOR < | E47: OOR < | F47: OOR < | G47: OOR < | H47: *1.21 | I47: OOR < | J47: OOR < | K47: OOR < | L47: 178.07 | M47: OOR < | N47: OOR < | O47: OOR < | P47: OOR < | Q47: OOR <
A48: X26 | B48: B7 | C48: A026 | D48: OOR < | E48: OOR < | F48: OOR < | G48: OOR < | H48: OOR < | I48: 31.76 | J48: 14.94 | K48: 2.02 | L48: 984.21 | M48: OOR < | N48: OOR < | O48: OOR < | P48: OOR < | Q48: OOR <
A49: X27 | B49: C7 | C49: A027 | D49: OOR < | E49: OOR < | F49: OOR < | G49: OOR < | H49: *1.21 | I49: 14.12 | J49: *0.66 | K49: OOR < | L49: 401.64 | M49: OOR < | N49: OOR < | O49: OOR < | P49: OOR < | Q49: OOR <
A50: X28 | B50: D7 | C50: A028 | D50: OOR < | E50: OOR < | F50: OOR < | G50: OOR < | H50: *1.21 | I50: OOR < | J50: 68.28 | K50: OOR < | L50: 966.84 | M50: OOR < | N50: *1.13 | O50: OOR < | P50: OOR < | Q50: OOR <
A51: X29 | B51: E7 | C51: A029 | D51: OOR < | E51: OOR < | F51: OOR < | G51: OOR < | H51: OOR < | I51: OOR < | J51: 8.52 | K51: OOR < | L51: 760.45 | M51: OOR < | N51: OOR < | O51: OOR < | P51: OOR < | Q51: OOR <
A52: X30 | B52: F7 | C52: A030 | D52: OOR < | E52: OOR < | F52: OOR < | G52: OOR < | H52: OOR < | I52: OOR < | J52: *1.78 | K52: OOR < | L52: 553.75 | M52: OOR < | N52: OOR < | O52: OOR < | P52: OOR < | Q52: OOR <
A53: X31 | B53: G7 | C53: A031 | D53: OOR < | E53: OOR < | F53: OOR < | G53: OOR < | H53: *1.21 | I53: 148.62 | J53: 34.6 | K53: 195.65 | L53: 2079.09 | M53: OOR < | N53: OOR < | O53: OOR < | P53: OOR < | Q53: OOR <
A54: X32 | B54: H7 | C54: A032 | D54: OOR < | E54: OOR < | F54: OOR < | G54: OOR < | H54: 9.36 | I54: 36.63 | J54: 123.52 | K54: 32.6 | L54: 2612.85 | M54: OOR < | N54: OOR < | O54: OOR < | P54: OOR < | Q54: OOR <
A55: X33 | B55: A8 | C55: A033 | D55: OOR < | E55: OOR < | F55: OOR < | G55: OOR < | H55: 9.36 | I55: 645.67 | J55: 38.44 | K55: 22.74 | L55: 391.24 | M55: OOR < | N55: OOR < | O55: OOR < | P55: OOR < | Q55: OOR <
A56: X34 | B56: B8 | C56: A034 | D56: OOR < | E56: OOR < | F56: OOR < | G56: OOR < | H56: OOR < | I56: 59.92 | J56: 44.69 | K56: 18.99 | L56: 1411.33 | M56: OOR < | N56: OOR < | O56: OOR < | P56: OOR < | Q56: OOR <
A57: X35 | B57: C8 | C57: A035 | D57: OOR < | E57: OOR < | F57: OOR < | G57: OOR < | H57: OOR < | I57: 32.46 | J57: 9.42 | K57: OOR < | L57: 1058.38 | M57: OOR < | N57: OOR < | O57: OOR < | P57: OOR < | Q57: OOR <
A58: X36 | B58: D8 | C58: A036 | D58: OOR < | E58: OOR < | F58: OOR < | G58: OOR < | H58: *3.83 | I58: OOR < | J58: *0.46 | K58: OOR < | L58: 294.93 | M58: OOR < | N58: OOR < | O58: OOR < | P58: OOR < | Q58: OOR <
A59: X37 | B59: E8 | C59: A037 | D59: OOR < | E59: OOR < | F59: OOR < | G59: OOR < | H59: OOR < | I59: 36.63 | J59: 12.03 | K59: OOR < | L59: 362.9 | M59: OOR < | N59: OOR < | O59: OOR < | P59: OOR < | Q59: OOR <
A60: X38 | B60: F8 | C60: A038 | D60: OOR < | E60: OOR < | F60: OOR < | G60: OOR < | H60: *3.83 | I60: 183.71 | J60: 14.13 | K60: *0.07 | L60: 290.2 | M60: OOR < | N60: OOR < | O60: OOR < | P60: OOR < | Q60: OOR <
A61: X39 | B61: G8 | C61: A039 | D61: OOR < | E61: OOR < | F61: OOR < | G61: OOR < | H61: OOR < | I61: 63.78 | J61: 23.43 | K61: *0.74 | L61: 646.19 | M61: OOR < | N61: OOR < | O61: OOR < | P61: OOR < | Q61: OOR <
A62: X40 | B62: H8 | C62: A040 | D62: OOR < | E62: OOR < | F62: OOR < | G62: OOR < | H62: *3.83 | I62: 591.79 | J62: 152.01 | K62: 320.95 | L62: 2976.73 | M62: OOR < | N62: OOR < | O62: OOR < | P62: OOR < | Q62: OOR <
A63: X41 | B63: A9 | C63: A041 | D63: OOR < | E63: OOR < | F63: OOR < | G63: OOR < | H63: *1.21 | I63: 17.2 | J63: 17.51 | K63: 3.88 | L63: 867.75 | M63: OOR < | N63: OOR < | O63: OOR < | P63: OOR < | Q63: OOR <
A64: X42 | B64: B9 | C64: A042 | D64: OOR < | E64: OOR < | F64: OOR < | G64: OOR < | H64: 9.36 | I64: 91.91 | J64: 21.35 | K64: 2.52 | L64: 415.83 | M64: OOR < | N64: OOR < | O64: OOR < | P64: OOR < | Q64: OOR <
A65: X43 | B65: C9 | C65: A043 | D65: OOR < | E65: OOR < | F65: OOR < | G65: OOR < | H65: OOR < | I65: 99.21 | J65: 16.55 | K65: *1.26 | L65: 784.13 | M65: OOR < | N65: OOR < | O65: OOR < | P65: OOR < | Q65: OOR <
A66: X44 | B66: D9 | C66: A044 | D66: OOR < | E66: OOR < | F66: OOR < | G66: OOR < | H66: *0.01 | I66: 27.51 | J66: 6.61 | K66: OOR < | L66: 429.08 | M66: OOR < | N66: OOR < | O66: OOR < | P66: OOR < | Q66: OOR <
A67: X45 | B67: E9 | C67: A045 | D67: OOR < | E67: OOR < | F67: OOR < | G67: OOR < | H67: *1.21 | I67: 84.53 | J67: 22.95 | K67: *0.88 | L67: 288.31 | M67: OOR < | N67: OOR < | O67: OOR < | P67: OOR < | Q67: OOR <
A68: X46 | B68: F9 | C68: A046 | D68: OOR < | E68: OOR < | F68: OOR < | G68: OOR < | H68: OOR < | I68: 11.75 | J68: 3.21 | K68: *0.21 | L68: 277.92 | M68: OOR < | N68: OOR < | O68: OOR < | P68: OOR < | Q68: OOR <
A69: X47 | B69: G9 | C69: A047 | D69: OOR < | E69: OOR < | F69: OOR < | G69: OOR < | H69: OOR < | I69: 35.94 | J69: 37.4 | K69: *1.52 | L69: 459.41 | M69: OOR < | N69: OOR < | O69: OOR < | P69: OOR < | Q69: OOR <
A70: X48 | B70: H9 | C70: A048 | D70: OOR < | E70: OOR < | F70: OOR < | G70: OOR < | H70: *1.21 | I70: *7.65 | J70: 13.49 | K70: 1.64 | L70: 455.61 | M70: OOR < | N70: OOR < | O70: OOR < | P70: OOR < | Q70: OOR <
A71: X49 | B71: A10,A12 | C71: A049 | D71: OOR < | E71: OOR < | F71: OOR < | G71: OOR < | H71: *0.59 | I71: 16.44 | J71: *1.60 | K71: OOR < | L71: 87.27 | M71: OOR < | N71: OOR < | O71: OOR < | P71: OOR < | Q71: OOR <
A72: X50 | B72: B10,B12 | C72: A050 | D72: OOR < | E72: OOR < | F72: OOR < | G72: OOR < | H72: *1.85 | I72: 46.79 | J72: 2.59 | K72: OOR < | L72: 179.03 | M72: OOR < | N72: OOR < | O72: OOR < | P72: OOR < | Q72: OOR <
A73: X51 | B73: C10,C12 | C73: A051 | D73: OOR < | E73: OOR < | F73: OOR < | G73: OOR < | H73: OOR < | I73: 64.1 | J73: 4.46 | K73: *0.21 | L73: 244.31 | M73: OOR < | N73: OOR < | O73: OOR < | P73: OOR < | Q73: OOR <
A74: X52 | B74: D10,D12 | C74: A052 | D74: OOR < | E74: OOR < | F74: OOR < | G74: OOR < | H74: *1.21 | I74: 39.37 | J74: 11.18 | K74: 9.36 | L74: 516.48 | M74: OOR < | N74: OOR < | O74: OOR < | P74: OOR < | Q74: OOR <
A75: X53 | B75: E10,E12 | C75: A053 | D75: OOR < | E75: OOR < | F75: OOR < | G75: OOR < | H75: OOR < | I75: OOR < | J75: OOR < | K75: OOR < | L75: 119.46 | M75: OOR < | N75: OOR < | O75: OOR < | P75: OOR < | Q75: OOR <
A76: X54 | B76: F10,F12 | C76: A054 | D76: 170.49 | E76: OOR < | F76: OOR < | G76: OOR < | H76: OOR < | I76: 51.44 | J76: 18.43 | K76: 9 | L76: 658.3 | M76: OOR < | N76: OOR < | O76: OOR < | P76: OOR < | Q76: OOR <
A77: X55 | B77: G10,G12 | C77: A055 | D77: 95.85 | E77: OOR < | F77: OOR < | G77: OOR < | H77: *3.83 | I77: 35.59 | J77: 12.68 | K77: OOR < | L77: 552.79 | M77: OOR < | N77: OOR < | O77: OOR < | P77: OOR < | Q77: OOR <
A78: X56 | B78: H10,H12 | C78: A056 | D78: *7.54 | E78: OOR < | F78: OOR < | G78: OOR < | H78: OOR < | I78: 34.9 | J78: 146.77 | K78: OOR < | L78: 693.32 | M78: OOR < | N78: OOR < | O78: OOR < | P78: OOR < | Q78: OOR <
D81: IL-33 (12) | E81: IL1b (18) | F81: IL2 (19) | G81: IL4 (20) | H81: IL5 (21) | I81: IL6 (25) | J81: IL-8/CXCL8 (27) | K81: IL10 (28) | L81: GDF-15 (33) | M81: IL12p70 (34) | N81: IL17A/CTLA-8 (36) | O81: IFNg (43) | P81: TNFa (45) | Q81: Granzyme B (72)
A82: Type | B82: Well | C82: Description | D82: Obs Conc | E82: Obs Conc | F82: Obs Conc | G82: Obs Conc | H82: Obs Conc | I82: Obs Conc | J82: Obs Conc | K82: Obs Conc | L82: Obs Conc | M82: Obs Conc | N82: Obs Conc | O82: Obs Conc | P82: Obs Conc | Q82: Obs Conc
A83: B | B83: A3
A84: B | B84: B3
A85: S1 | B85: A1 | E85: 9753.6 | H85: 30191.98 | J85: 8157.86 | K85: 6327.73 | M85: 27927.58 | N85: 15490.17 | P85: 21700.31
A86: S1 | B86: B1 | E86: *12983.84 | J86: *11511.70 | K86: *7308.33 | P86: *22431.97
A87: S2 | B87: C1 | D87: 21220.42 | E87: 2697.75 | F87: 7291.69 | G87: 12245.48 | H87: 8967.7 | I87: *9160.14 | J87: 2321.89 | K87: 1711.84 | L87: 13116.55 | M87: 6991.37 | N87: 3606.44 | P87: 6957.04
A88: S2 | B88: D1 | D88: *22302.29 | E88: 2790.49 | F88: *7326.22 | G88: *14570.31 | H88: 7965.19 | I88: 8671.67 | J88: 2483.87 | K88: 1621.74 | L88: *14571.63 | M88: 7982.22 | N88: 3950.8 | P88: 6256.04 | Q88: 12210.79
A89: S3 | B89: E1 | D89: 5443.26 | E89: 705.48 | F89: 1857.83 | G89: 3537.2 | H89: 2101.82 | I89: 2218.85 | J89: 579.34 | K89: 426.9 | L89: 3610.65 | M89: 1781.22 | N89: 955.43 | O89: *2858.03 | P89: 1431.32 | Q89: 3040.47
A90: S3 | B90: F1 | D90: 5177.07 | E90: 729.29 | F90: 1839.78 | G90: 3187.76 | H90: 1899.58 | I90: 2230.86 | J90: 615.98 | K90: 432.37 | L90: 3275.77 | M90: 1718.03 | N90: 959.45 | O90: 2698.92 | P90: 1509.26 | Q90: 3105.73
A91: S4 | B91: G1 | D91: 1299.71 | E91: 170.81 | F91: 455.42 | G91: 821.06 | H91: 539.98 | I91: 560.03 | J91: 148.51 | K91: 101.48 | L91: 863.74 | M91: 461.95 | N91: 238.12 | O91: 705.84 | P91: 383.99 | Q91: 794.27
A92: S4 | B92: H1 | D92: 1406.02 | E92: 174.06 | F92: 457.04 | G92: 844.53 | H92: 532.87 | I92: 560.51 | J92: 154.41 | K92: 106.05 | L92: 871.76 | M92: 473.25 | N92: 235.89 | O92: 652.75 | P92: 401.62 | Q92: 737.98
A93: S5 | B93: A2 | D93: 320.88 | E93: 42.1 | F93: 111.39 | H93: 118.89 | I93: 131.26 | J93: 36.36 | K93: 26.73 | L93: 221.99 | M93: 120.52 | P93: 95.57
A94: S5 | B94: B2 | D94: 342.72 | E94: 45.97 | F94: 120.36 | G94: 208.79 | H94: 126.95 | I94: 140.56 | J94: 37.64 | K94: 26.32 | L94: 204.85 | M94: 112.68 | N94: 58.12 | O94: 178.99 | P94: 95.33 | Q94: 192.3
A95: S6 | B95: C2 | D95: 91.16 | E95: 10.9 | F95: 32.05 | G95: 56.05 | H95: 32.79 | I95: 35.94 | J95: 9.09 | K95: 6.55 | L95: 54.67 | M95: 28.6 | N95: 14.14 | O95: 44.35 | P95: 25.14 | Q95: 51.57
A96: S6 | B96: D2 | D96: 78.42 | F96: 24.45 | G96: 49.82 | H96: 32.79 | J96: 9.91 | K96: 6.67 | M96: 24.53 | N96: 16.69 | O96: 38.2 | P96: 23.68 | Q96: 43.72
A97: S7 | B97: E2 | D97: *16.21 | F97: 7.32 | G97: 12.51 | H97: 9.36 | I97: 8.49 | K97: *1.39 | M97: 7.38 | O97: 11.38 | P97: 5.82 | Q97: 12.09
A98: S7 | B98: F2 | D98: 24.91 | G98: 12.51 | H98: *6.56 | J98: 2.32 | K98: 1.9 | L98: 13.29 | M98: 7.38 | N98: 3.62 | O98: 11.38 | P98: 5.31 | Q98: 12.09
A99: S8 | B99: G2 | G99: *3.09 | O99: 2.58 | P99: 1.64
A100: S8 | B100: H2 | G100: 4.02 | O100: 2.58 | P100: 1.64
A101: C1 | B101: C3 | C101: S2 | D101: 19572.88 | E101: 2811.08 | F101: 5490.85 | G101: 11676.58 | H101: 8481.32 | I101: 5592.15 | J101: 2385.17 | K101: 1534.65 | L101: 12098.41 | M101: 7062.81 | N101: 3783.42 | O101: *3390.73 | P101: 8252.61 | Q101: 7309.36
A102: C1 | B102: D3 | C102: S2 | D102: 18435.95 | E102: 3012.31 | F102: 5693.77 | G102: 11201.39 | H102: 8398.06 | I102: 6099.79 | J102: 2189.28 | K102: 1500.98 | L102: 11758.04 | M102: 6624.36 | N102: 3799.11 | O102: *3265.76 | P102: 7184.88 | Q102: 7744.64
A103: C2 | B103: E3 | C103: S4 | D103: 1152.38 | E103: 171.22 | F103: 410.34 | G103: 763.5 | H103: 563.17 | I103: 544.06 | J103: 147.78 | K103: 104.81 | L103: 745.69 | M103: 452.54 | N103: 250.49 | O103: 629 | P103: 392.79 | Q103: 667
...

Sheet Obs Conc %CV_1
A1: File Name: C:\Documents and Settings\HUE Sophie\Desktop\resultats et analyses luminex\14-plex Malha-1_120525.rbx
A2: Acquisition Date: 12-May-2025, 12:43 PM
A3: Reader Serial Number: LX10009159402
A4: Standard Lot: 446273-000 Expiration Date: 30-Apr-2026
A5: Plate ID:
A6: RP1 PMT (Volts): 538.22
A7: RP1 Target: 3652
D9: IL-33 (12) | E9: IL1b (18) | F9: IL2 (19) | G9: IL4 (20) | H9: IL5 (21) | I9: IL6 (25) | J9: IL-8/CXCL8 (27) | K9: IL10 (28) | L9: GDF-15 (33) | M9: IL12p70 (34) | N9: IL17A/CTLA-8 (36) | O9: IFNg (43) | P9: TNFa (45) | Q9: Granzyme B (72)
A10: Type | B10: Well | C10: Description | D10: Obs Conc %CV | E10: Obs Conc %CV | F10: Obs Conc %CV | G10: Obs Conc %CV | H10: Obs Conc %CV | I10: Obs Conc %CV | J10: Obs Conc %CV | K10: Obs Conc %CV | L10: Obs Conc %CV | M10: Obs Conc %CV | N10: Obs Conc %CV | O10: Obs Conc %CV | P10: Obs Conc %CV | Q10: Obs Conc %CV
A11: B | B11: A3,B3
A12: S1 | B12: A1,B1 | E12: 20.09 | H12: 0 | J12: 24.11 | K12: 10.17 | M12: 0 | N12: 0 | P12: 2.34
A13: S2 | B13: C1,D1 | D13: 3.52 | E13: 2.39 | F13: 0.33 | G13: 12.26 | H13: 8.37 | I13: 3.87 | J13: 4.77 | K13: 3.82 | L13: 7.43 | M13: 9.36 | N13: 6.44 | P13: 7.5 | Q13: 0
A14: S3 | B14: E1,F1 | D14: 3.54 | E14: 2.35 | F14: 0.69 | G14: 7.35 | H14: 7.15 | I14: 0.38 | J14: 4.33 | K14: 0.9 | L14: 6.88 | M14: 2.55 | N14: 0.3 | O14: 4.05 | P14: 3.75 | Q14: 1.5
A15: S4 | B15: G1,H1 | D15: 5.56 | E15: 1.33 | F15: 0.25 | G15: 1.99 | H15: 0.94 | I15: 0.06 | J15: 2.75 | K15: 3.11 | L15: 0.65 | M15: 1.71 | N15: 0.67 | O15: 5.53 | P15: 3.17 | Q15: 5.2
A16: S5 | B16: A2,B2 | D16: 4.65 | E16: 6.21 | F16: 5.47 | G16: 0 | H16: 4.64 | I16: 4.83 | J16: 2.45 | K16: 1.09 | L16: 5.68 | M16: 4.75 | N16: 0 | O16: 0 | P16: 0.17 | Q16: 0
A17: S6 | B17: C2,D2 | D17: 10.62 | E17: 0 | F17: 19.04 | G17: 8.31 | H17: 0 | I17: 0 | J17: 6.1 | K17: 1.29 | L17: 0 | M17: 10.82 | N17: 11.7 | O17: 10.52 | P17: 4.22 | Q17: 11.65
A18: S7 | B18: E2,F2 | D18: 29.93 | F18: 0 | G18: 0 | H18: 24.8 | I18: 0 | J18: 0 | K18: 21.8 | L18: 0 | M18: 0 | N18: 0 | O18: 0 | P18: 6.52 | Q18: 0
A19: S8 | B19: G2,H2 | G19: 18.42 | O19: 0 | P19: 0
A20: C1 | B20: C3,D3 | C20: S2 | D20: 4.23 | E20: 4.89 | F20: 2.57 | G20: 2.94 | H20: 0.7 | I20: 6.14 | J20: 6.06 | K20: 1.57 | L20: 2.02 | M20: 4.53 | N20: 0.29 | O20: 2.66 | P20: 9.78 | Q20: 4.09
A21: C2 | B21: E3,F3 | C21: S4 | D21: 6.07 | E21: 5.53 | F21: 1.95 | G21: 4.11 | H21: 5.34 | I21: 2.97 | J21: 5.57 | K21: 3.32 | L21: 5.32 | M21: 4.53 | N21: 6.61 | O21: 3.64 | P21: 0.61 | Q21: 0.88
A22: C3 | B22: G3,H3 | C22: S6 | D22: 2.39 | E22: 0 | F22: 4.69 | G22: 0 | H22: 4.26 | I22: 13.25 | J22: 2.46 | K22: 16.21 | L22: 11.74 | M22: 4.73 | N22: 7.95 | O22: 7.8 | P22: 1.38 | Q22: 5.58
A23: X1 | B23: A4,A11 | C23: A001 | I23: 8.07 | J23: 15.32 | L23: 15.5
A24: X2 | B24: B4,B11 | C24: A002 | H24: 73.6 | I24: 9.01 | J24: 7.48 | L24: 0.64
A25: X3 | B25: C4,C11 | C25: A003 | H25: 0 | I25: 26.14 | J25: 31.95 | L25: 19.7
A26: X4 | B26: D4,D11 | C26: A004 | H26: 0 | I26: 5.37 | J26: 1.37 | K26: 4.04 | L26: 4.57
A27: X5 | B27: E4,E11 | C27: A005 | H27: 0 | I27: 1.84 | J27: 12.99 | K27: 11.84 | L27: 9.12
A28: X6 | B28: F4,F11 | C28: A006 | H28: 59.21 | I28: 13.35 | J28: 24.31 | K28: 25.17 | L28: 6.59
A29: X7 | B29: G4,G11 | C29: A007 | H29: 0 | I29: 6.18 | J29: 19.94 | K29: 17.37 | L29: 7.74
A30: X8 | B30: H4,H11 | C30: A008 | H30: 97.42 | I30: 7.63 | J30: 20.07 | K30: 0 | L30: 1.61
A31: X9 | B31: A5 | C31: A009 | I31: 0 | J31: 0 | L31: 0
A32: X10 | B32: B5 | C32: A010 | H32: 0 | I32: 0 | J32: 0 | K32: 0 | L32: 0
A33: X11 | B33: C5 | C33: A011 | I33: 0 | J33: 0 | L33: 0
A34: X12 | B34: D5 | C34: A012 | H34: 0 | I34: 0 | J34: 0 | L34: 0
A35: X13 | B35: E5 | C35: A013 | H35: 0 | I35: 0 | J35: 0 | K35: 0 | L35: 0
A36: X14 | B36: F5 | C36: A014 | H36: 0 | I36: 0 | J36: 0 | K36: 0 | L36: 0
A37: X15 | B37: G5 | C37: A015 | H37: 0 | I37: 0 | J37: 0 | L37: 0
A38: X16 | B38: H5 | C38: A016 | H38: 0 | I38: 0 | J38: 0 | L38: 0
A39: X17 | B39: A6 | C39: A017 | I39: 0 | J39: 0 | L39: 0
A40: X18 | B40: B6 | C40: A018 | H40: 0 | I40: 0 | J40: 0 | K40: 0 | L40: 0 | P40: 0
A41: X19 | B41: C6 | C41: A019 | I41: 0 | J41: 0 | K41: 0 | L41: 0
A42: X20 | B42: D6 | C42: A020 | H42: 0 | I42: 0 | J42: 0 | K42: 0 | L42: 0
A43: X21 | B43: E6 | C43: A021 | I43: 0 | J43: 0 | L43: 0
A44: X22 | B44: F6 | C44: A022 | I44: 0 | J44: 0 | L44: 0
A45: X23 | B45: G6 | C45: A023 | J45: 0 | L45: 0
A46: X24 | B46: H6 | C46: A024 | H46: 0 | I46: 0 | J46: 0 | K46: 0 | L46: 0
A47: X25 | B47: A7 | C47: A025 | H47: 0 | L47: 0
A48: X26 | B48: B7 | C48: A026 | I48: 0 | J48: 0 | K48: 0 | L48: 0
A49: X27 | B49: C7 | C49: A027 | H49: 0 | I49: 0 | J49: 0 | L49: 0
A50: X28 | B50: D7 | C50: A028 | H50: 0 | J50: 0 | L50: 0 | N50: 0
A51: X29 | B51: E7 | C51: A029 | J51: 0 | L51: 0
A52: X30 | B52: F7 | C52: A030 | J52: 0 | L52: 0
A53: X31 | B53: G7 | C53: A031 | H53: 0 | I53: 0 | J53: 0 | K53: 0 | L53: 0
A54: X32 | B54: H7 | C54: A032 | H54: 0 | I54: 0 | J54: 0 | K54: 0 | L54: 0
A55: X33 | B55: A8 | C55: A033 | H55: 0 | I55: 0 | J55: 0 | K55: 0 | L55: 0
A56: X34 | B56: B8 | C56: A034 | I56: 0 | J56: 0 | K56: 0 | L56: 0
A57: X35 | B57: C8 | C57: A035 | I57: 0 | J57: 0 | L57: 0
A58: X36 | B58: D8 | C58: A036 | H58: 0 | J58: 0 | L58: 0
A59: X37 | B59: E8 | C59: A037 | I59: 0 | J59: 0 | L59: 0
A60: X38 | B60: F8 | C60: A038 | H60: 0 | I60: 0 | J60: 0 | K60: 0 | L60: 0
A61: X39 | B61: G8 | C61: A039 | I61: 0 | J61: 0 | K61: 0 | L61: 0
A62: X40 | B62: H8 | C62: A040 | H62: 0 | I62: 0 | J62: 0 | K62: 0 | L62: 0
A63: X41 | B63: A9 | C63: A041 | H63: 0 | I63: 0 | J63: 0 | K63: 0 | L63: 0
A64: X42 | B64: B9 | C64: A042 | H64: 0 | I64: 0 | J64: 0 | K64: 0 | L64: 0
A65: X43 | B65: C9 | C65: A043 | I65: 0 | J65: 0 | K65: 0 | L65: 0
A66: X44 | B66: D9 | C66: A044 | H66: 0 | I66: 0 | J66: 0 | L66: 0
A67: X45 | B67: E9 | C67: A045 | H67: 0 | I67: 0 | J67: 0 | K67: 0 | L67: 0
A68: X46 | B68: F9 | C68: A046 | I68: 0 | J68: 0 | K68: 0 | L68: 0
A69: X47 | B69: G9 | C69: A047 | I69: 0 | J69: 0 | K69: 0 | L69: 0
A70: X48 | B70: H9 | C70: A048 | H70: 0 | I70: 0 | J70: 0 | K70: 0 | L70: 0
A71: X49 | B71: A10,A12 | C71: A049 | H71: 140.01 | I71: 39.79 | J71: 65.34 | L71: 9.75
A72: X50 | B72: B10,B12 | C72: A050 | H72: 49.29 | I72: 8.07 | J72: 24.19 | L72: 7.58
A73: X51 | B73: C10,C12 | C73: A051 | I73: 19.11 | J73: 4.07 | K73: 94.49 | L73: 6.86
A74: X52 | B74: D10,D12 | C74: A052 | H74: 0 | I74: 12.27 | J74: 26.3 | K74: 31.53 | L74: 15.15
A75: X53 | B75: E10,E12 | C75: A053 | I75: 0 | L75: 0.58
A76: X54 | B76: F10,F12 | C76: A054 | D76: 6.96 | I76: 21.8 | J76: 11.37 | K76: 3.75 | L76: 10.11
A77: X55 | B77: G10,G12 | C77: A055 | D77: 2.29 | H77: 97.42 | I77: 6.87 | J77: 9.04 | L77: 5.63
A78: X56 | B78: H10,H12 | C78: A056 | D78: 25.85 | I78: 4.22 | J78: 13.31 | K78: 0 | L78: 13.22
D81: IL-33 (12) | E81: IL1b (18) | F81: IL2 (19) | G81: IL4 (20) | H81: IL5 (21) | I81: IL6 (25) | J81: IL-8/CXCL8 (27) | K81: IL10 (28) | L81: GDF-15 (33) | M81: IL12p70 (34) | N81: IL17A/CTLA-8 (36) | O81: IFNg (43) | P81: TNFa (45) | Q81: Granzyme B (72)
A82: Type | B82: Well | C82: Description | D82: Obs Conc %CV | E82: Obs Conc %CV | F82: Obs Conc %CV | G82: Obs Conc %CV | H82: Obs Conc %CV | I82: Obs Conc %CV | J82: Obs Conc %CV | K82: Obs Conc %CV | L82: Obs Conc %CV | M82: Obs Conc %CV | N82: Obs Conc %CV | O82: Obs Conc %CV | P82: Obs Conc %CV | Q82: Obs Conc %CV
A83: B | B83: A3
A84: B | B84: B3
A85: S1 | B85: A1
A86: S1 | B86: B1
A87: S2 | B87: C1
A88: S2 | B88: D1
A89: S3 | B89: E1
A90: S3 | B90: F1
A91: S4 | B91: G1
A92: S4 | B92: H1
A93: S5 | B93: A2
A94: S5 | B94: B2
... A100: S8 | B100: H2
A101: C1 | B101: C3 | C101: S2
A102: C1 | B102: D3 | C102: S2
A103: C2 | B103: E3 | C103: S4
A104: C2 | B104: F3 | C104: S4
A105: C3 | B105: G3 | C105: S6
A106: C3 | B106: H3 | C106: S6
A107: X1 | B107: A4 | C107: A001
A108: X1 | B108: A11 | C108: A001
...

Sheet Obs Conc_2
A1: File Name: C:\Documents and Settings\HUE Sophie\Desktop\resultats et analyses luminex\14-plex Malha-2_120525.rbx
A2: Acquisition Date: 12-May-2025, 01:59 PM
A3: Reader Serial Number: LX10009159402
A4: Standard Lot: 446273-000 Expiration Date: 30-Apr-2026
A5: Plate ID:
A6: RP1 PMT (Volts): 538.22
A7: RP1 Target: 3652
D9: IL-33 (12) | E9: IL1b (18) | F9: IL2 (19) | G9: IL4 (20) | H9: IL5 (21) | I9: IL6 (25) | J9: IL-8/CXCL8 (27) | K9: IL10 (28) | L9: GDF-15 (33) | M9: IL12p70 (34) | N9: IL17A/CTLA-8 (36) | O9: IFNg (43) | P9: TNFa (45) | Q9: Granzyme B (72)
A10: Type | B10: Well | C10: Description | D10: Obs Conc | E10: Obs Conc | F10: Obs Conc | G10: Obs Conc | H10: Obs Conc | I10: Obs Conc | J10: Obs Conc | K10: Obs Conc | L10: Obs Conc | M10: Obs Conc | N10: Obs Conc | O10: Obs Conc | P10: Obs Conc | Q10: Obs Conc
A11: B | B11: A3,B3
A12: S1 | B12: A1,B1 | E12: 11518 | H12: 30006.13 | J12: 9961.91 | K12: 6896.27 | M12: 28462.63 | N12: 15034.03 | P12: 23966.19
A13: S2 | B13: C1,D1 | D13: 25860.29 | E13: 2678.55 | F13: 7876.27 | G13: 14042.57 | H13: 9476.95 | I13: 8943.76 | J13: 2312.59 | K13: 1614.71 | L13: 13845.79 | M13: 7495.5 | N13: 3860.6 | P13: 6261.14 | Q13: 13142.29
A14: S3 | B14: E1,F1 | D14: 5025.15 | E14: 699.49 | F14: 1764.13 | G14: 3200.43 | H14: 1874.57 | I14: 2208.87 | J14: 601.13 | K14: 438.73 | L14: 3435 | M14: 1754.52 | N14: 931.63 | O14: 2758.26 | P14: 1495.51 | Q14: 3056.26
A15: S4 | B15: G1,H1 | D15: 1401.31 | E15: 184.48 | F15: 479.65 | G15: 887.03 | H15: 549.21 | I15: 578.06 | J15: 155.3 | K15: 104.68 | L15: 869.19 | M15: 466.99 | N15: 245.3 | O15: 694.65 | P15: 399.43 | Q15: 769.33
A16: S5 | B16: A2,B2 | D16: 318.23 | E16: 41.93 | F16: 108.8 | G16: 197.52 | H16: 122.91 | I16: 128.17 | J16: 35.78 | K16: 26.06 | L16: 212.85 | M16: 110.93 | N16: 56.96 | O16: 173.4 | P16: 91.56 | Q16: 190.47
A17: S6 | B17: C2,D2 | D17: 94.8 | E17: 11.18 | F17: 32.19 | G17: 53.65 | H17: 34.35 | I17: 39.74 | J17: 9.95 | K17: 6.7 | L17: 54.97 | M17: 28.8 | N17: 15.92 | O17: 40.78 | P17: 24.3 | Q17: 48.71
A18: S7 | B18: E2,F2 | D18: 15.56 | F18: 5.65 | G18: 14.26 | H18: 6.32 | I18: 7.92 | J18: 2.19 | K18: 1.62 | L18: 13.18 | M18: 6.98 | N18: 3.32 | O18: 12.3 | P18: 6.26 | Q18: 11.56
A19: S8 | B19: G2,H2 | G19: 2.41 | O19: 2.41 | P19: 1.37
A20: C1 | B20: C3,D3 | C20: S2 | D20: 8664.17 | E20: 2448.16 | F20: 4522.61 | G20: 8722.73 | H20: 8152.87 | I20: 6359.01 | J20: 2009.31 | K20: 1509.92 | L20: 9477.31 | M20: 6402.67 | N20: 3347.24 | O20: 2104.28 | P20: 6458.79 | Q20: 4107.43
A21: C2 | B21: E3,F3 | C21: S4 | D21: 1368.41 | E21: 177.29 | F21: 454.25 | G21: 819.82 | H21: 527.62 | I21: 540.29 | J21: 150.03 | K21: 103.13 | L21: 878.05 | M21: 440.52 | N21: 243.69 | O21: 661.43 | P21: 402.71 | Q21: 736.03
A22: C3 | B22: G3,H3 | C22: S6 | D22: 127.36 | E22: 13.44 | F22: 31.72 | G22: 57.99 | H22: 45.33 | I22: 36.84 | J22: 11.05 | K22: 8.09 | L22: 56.11 | M22: 36.54 | N22: 15.08 | O22: 46.27 | P22: 26.71 | Q22: 54.36
A23: X1 | B23: A4,A11 | C23: A057 | D23: OOR < | E23: OOR < | F23: OOR < | G23: OOR < | H23: OOR < | I23: 58.28 | J23: 3.8 | K23: OOR < | L23: 470.06 | M23: OOR < | N23: OOR < | O23: OOR < | P23: OOR < | Q23: OOR <
A24: X2 | B24: B4,B11 | C24: A058 | D24: OOR < | E24: OOR < | F24: OOR < | G24: OOR < | H24: OOR < | I24: 62.01 | J24: 3.06 | K24: OOR < | L24: 506.1 | M24: OOR < | N24: OOR < | O24: OOR < | P24: OOR < | Q24: OOR <
A25: X3 | B25: C4,C11 | C25: A059 | D25: OOR < | E25: OOR < | F25: OOR < | G25: OOR < | H25: OOR < | I25: 16.93 | J25: 4.34 | K25: OOR < | L25: 695.43 | M25: OOR < | N25: OOR < | O25: OOR < | P25: OOR < | Q25: OOR <
A26: X4 | B26: D4,D11 | C26: A060 | D26: OOR < | E26: OOR < | F26: OOR < | G26: OOR < | H26: OOR < | I26: 173.35 | J26: 50.67 | K26: 2.25 | L26: 699.72 | M26: OOR < | N26: OOR < | O26: OOR < | P26: OOR < | Q26: OOR <
A27: X5 | B27: E4,E11 | C27: A061 | D27: OOR < | E27: OOR < | F27: OOR < | G27: OOR < | H27: OOR < | I27: 12.76 | J27: *1.37 | K27: OOR < | L27: 456.5 | M27: OOR < | N27: OOR < | O27: OOR < | P27: OOR < | Q27: OOR <
A28: X6 | B28: F4,F11 | C28: A062 | D28: OOR < | E28: OOR < | F28: OOR < | G28: OOR < | H28: OOR < | I28: 448.86 | J28: 26.75 | K28: 19.41 | L28: 682.55 | M28: OOR < | N28: OOR < | O28: OOR < | P28: OOR < | Q28: OOR <
A29: X7 | B29: G4,G11 | C29: A063 | D29: OOR < | E29: OOR < | F29: OOR < | G29: OOR < | H29: OOR < | I29: 268.46 | J29: 12.5 | K29: 14.51 | L29: 481.29 | M29: OOR < | N29: OOR < | O29: OOR < | P29: OOR < | Q29: OOR <
A30: X8 | B30: H4,H11 | C30: A064 | D30: OOR < | E30: OOR < | F30: OOR < | G30: OOR < | H30: OOR < | I30: 89.57 | J30: 17.82 | K30: OOR < | L30: 572.75 | M30: OOR < | N30: OOR < | O30: OOR < | P30: OOR < | Q30: OOR <
A31: X9 | B31: A5 | C31: A065 | D31: OOR < | E31: OOR < | F31: OOR < | G31: OOR < | H31: OOR < | I31: 18.55 | J31: 9.91 | K31: OOR < | L31: 310.22 | M31: OOR < | N31: OOR < | O31: OOR < | P31: OOR < | Q31: OOR <
A32: X10 | B32: B5 | C32: A066 | D32: OOR < | E32: OOR < | F32: OOR < | G32: OOR < | H32: OOR < | I32: 94.03 | J32: 6.49 | K32: OOR < | L32: 497.67 | M32: OOR < | N32: OOR < | O32: OOR < | P32: OOR < | Q32: OOR <
A33: X11 | B33: C5 | C33: A067 | D33: OOR < | E33: OOR < | F33: OOR < | G33: OOR < | H33: 6.32 | I33: 13.61 | J33: 14.37 | K33: OOR < | L33: 701.63 | M33: OOR < | N33: OOR < | O33: OOR < | P33: OOR < | Q33: OOR <
A34: X12 | B34: D5 | C34: A068 | D34: OOR < | E34: OOR < | F34: OOR < | G34: OOR < | H34: OOR < | I34: 24.86 | J34: 8.54 | K34: OOR < | L34: 715.03 | M34: OOR < | N34: OOR < | O34: OOR < | P34: OOR < | Q34: OOR <
A35: X13 | B35: E5 | C35: A069 | D35: OOR < | E35: OOR < | F35: OOR < | G35: OOR < | H35: OOR < | I35: OOR < | J35: 5.41 | K35: 3.35 | L35: 584.04 | M35: OOR < | N35: OOR < | O35: OOR < | P35: OOR < | Q35: OOR <
A36: X14 | B36: F5 | C36: A070 | D36: OOR < | E36: OOR < | F36: OOR < | G36: OOR < | H36: OOR < | I36: 21.74 | J36: 17.56 | K36: OOR < | L36: 881.99 | M36: OOR < | N36: OOR < | O36: OOR < | P36: OOR < | Q36: OOR <
A37: X15 | B37: G5 | C37: A071 | D37: OOR < | E37: OOR < | F37: OOR < | G37: OOR < | H37: OOR < | I37: OOR < | J37: 5.96 | K37: OOR < | L37: 346 | M37: OOR < | N37: OOR < | O37: OOR < | P37: OOR < | Q37: OOR <
A38: X16 | B38: H5 | C38: A072 | D38: OOR < | E38: OOR < | F38: OOR < | G38: OOR < | H38: OOR < | I38: 99.1 | J38: 53.61 | K38: 9.86 | L38: 1452.91 | M38: OOR < | N38: OOR < | O38: OOR < | P38: OOR < | Q38: OOR <
A39: X17 | B39: A6 | C39: A073 | D39: OOR < | E39: OOR < | F39: OOR < | G39: OOR < | H39: OOR < | I39: 16.11 | J39: 20.76 | K39: OOR < | L39: 774.66 | M39: OOR < | N39: OOR < | O39: OOR < | P39: OOR < | Q39: OOR <
A40: X18 | B40: B6 | C40: A074 | D40: OOR < | E40: OOR < | F40: OOR < | G40: OOR < | H40: OOR < | I40: 16.11 | J40: 6.49 | K40: OOR < | L40: 488.31 | M40: OOR < | N40: OOR < | O40: OOR < | P40: OOR < | Q40: OOR <
A41: X19 | B41: C6 | C41: A075 | D41: OOR < | E41: OOR < | F41: OOR < | G41: OOR < | H41: OOR < | I41: 14.45 | J41: OOR < | K41: OOR < | L41: 276.13 | M41: OOR < | N41: OOR < | O41: OOR < | P41: OOR < | Q41: OOR <
A42: X20 | B42: D6 | C42: A076 | D42: OOR < | E42: OOR < | F42: OOR < | G42: OOR < | H42: OOR < | I42: 879.06 | J42: 227.43 | K42: 34.91 | L42: 1076 | M42: OOR < | N42: OOR < | O42: OOR < | P42: OOR < | Q42: OOR <
A43: X21 | B43: E6 | C43: A077 | D43: OOR < | E43: OOR < | F43: OOR < | G43: OOR < | H43: OOR < | I43: 2566.4 | J43: 1088.49 | K43: 422.07 | L43: 545.49 | M43: OOR < | N43: OOR < | O43: OOR < | P43: OOR < | Q43: OOR <
A44: X22 | B44: F6 | C44: A078 | D44: OOR < | E44: OOR < | F44: OOR < | G44: OOR < | H44: OOR < | I44: 49.67 | J44: 16.42 | K44: 5.87 | L44: 330.96 | M44: OOR < | N44: OOR < | O44: OOR < | P44: OOR < | Q44: OOR <
A45: X23 | B45: G6 | C45: A079 | D45: OOR < | E45: OOR < | F45: OOR < | G45: OOR < | H45: OOR < | I45: 466.22 | J45: 12.64 | K45: 9.61 | L45: 364.78 | M45: OOR < | N45: OOR < | O45: OOR < | P45: OOR < | Q45: OOR <
A46: X24 | B46: H6 | C46: A080 | D46: OOR < | E46: OOR < | F46: OOR < | G46: OOR < | H46: OOR < | I46: 101.62 | J46: 12.36 | K46: OOR < | L46: 413.48 | M46: OOR < | N46: OOR < | O46: OOR < | P46: OOR < | Q46: OOR <
A47: X25 | B47: A7 | C47: A081 | D47: OOR < | E47: OOR < | F47: OOR < | G47: OOR < | H47: OOR < | I47: 53.14 | J47: 7.32 | K47: OOR < | L47: 317.77 | M47: OOR < | N47: OOR < | O47: OOR < | P47: OOR < | Q47: OOR <
A48: X26 | B48: B7 | C48: A082 | D48: OOR < | E48: OOR < | F48: OOR < | G48: OOR < | H48: OOR < | I48: 20.16 | J48: 12.73 | K48: 10.17 | L48: 178.67 | M48: OOR < | N48: OOR < | O48: OOR < | P48: OOR < | Q48: OOR <
A49: X27 | B49: C7 | C49: A083 | D49: OOR < | E49: OOR < | F49: OOR < | G49: OOR < | H49: OOR < | I49: 27.93 | J49: 25.41 | K49: OOR < | L49: 749.58 | M49: OOR < | N49: OOR < | O49: OOR < | P49: OOR < | Q49: OOR <
A50: X28 | B50: D7 | C50: A084 | D50: OOR < | E50: OOR < | F50: OOR < | G50: OOR < | H50: OOR < | I50: 46.16 | J50: 52.63 | K50: OOR < | L50: 205.08 | M50: OOR < | N50: OOR < | O50: OOR < | P50: 13.06 | Q50: OOR <
A51: X29 | B51: E7 | C51: A085 | D51: OOR < | E51: OOR < | F51: OOR < | G51: OOR < | H51: 42.71 | I51: 2182 | J51: 315.57 | K51: 48.47 | L51: 403.19 | M51: OOR < | N51: OOR < | O51: OOR < | P51: OOR < | Q51: OOR <
A52: X30 | B52: F7 | C52: A086 | D52: OOR < | E52: OOR < | F52: OOR < | G52: OOR < | H52: OOR < | I52: 31.69 | J52: 12.54 | K52: 18.25 | L52: 525.78 | M52: OOR < | N52: OOR < | O52: OOR < | P52: OOR < | Q52: OOR <
A53: X31 | B53: G7 | C53: A087 | D53: OOR < | E53: OOR < | F53: OOR < | G53: OOR < | H53: OOR < | I53: OOR < | J53: 29.57 | K53: *0.67 | L53: 654.01 | M53: OOR < | N53: OOR < | O53: OOR < | P53: OOR < | Q53: OOR <
A54: X32 | B54: H7 | C54: A088 | D54: OOR < | E54: OOR < | F54: OOR < | G54: OOR < | H54: OOR < | I54: 237.15 | J54: 61.22 | K54: 7.77 | L54: 393.83 | M54: OOR < | N54: OOR < | O54: OOR < | P54: OOR < | Q54: OOR <
A55: X33 | B55: A8 | C55: A089 | D55: OOR < | E55: OOR < | F55: OOR < | G55: OOR < | H55: OOR < | I55: 48.97 | J55: 8.54 | K55: OOR < | L55: 555.82 | M55: OOR < | N55: OOR < | O55: OOR < | P55: OOR < | Q55: OOR <
A56: X34 | B56: B8 | C56: A090 | D56: OOR < | E56: OOR < | F56: OOR < | G56: OOR < | H56: OOR < | I56: 46.16 | J56: 10.67 | K56: 5.44 | L56: 550.18 | M56: OOR < | N56: OOR < | O56: OOR < | P56: OOR < | Q56: OOR <
A57: X35 | B57: C8 | C57: A091 | D57: OOR < | E57: OOR < | F57: OOR < | G57: OOR < | H57: OOR < | I57: 141.45 | J57: 4.04 | K57: 2.15 | L57: 246.56 | M57: OOR < | N57: OOR < | O57: OOR < | P57: OOR < | Q57: OOR <
A58: X36 | B58: D8 | C58: A092 | D58: OOR < | E58: OOR < | F58: OOR < | G58: OOR < | H58: OOR < | I58: 24.86 | J58: 2.53 | K58: OOR < | L58: 448.08 | M58: OOR < | N58: OOR < | O58: OOR < | P58: OOR < | Q58: OOR <
A59: X37 | B59: E8 | C59: A093 | D59: OOR < | E59: OOR < | F59: OOR < | G59: OOR < | H59: OOR < | I59: *6.53 | J59: 4.85 | K59: OOR < | L59: 380.71 | M59: OOR < | N59: OOR < | O59: OOR < | P59: OOR < | Q59: OOR <
A60: X38 | B60: F8 | C60: A094 | D60: OOR < | E60: OOR < | F60: OOR < | G60: OOR < | H60: OOR < | I60: OOR < | J60: 4.51 | K60: OOR < | L60: 308.33 | M60: OOR < | N60: OOR < | O60: OOR < | P60: OOR < | Q60: OOR <
A61: X39 | B61: G8 | C61: A095 | D61: OOR < | E61: OOR < | F61: OOR < | G61: OOR < | H61: OOR < | I61: 249.95 | J61: 28.66 | K61: 4.08 | L61: 384.46 | M61: OOR < | N61: OOR < | O61: OOR < | P61: OOR < | Q61: OOR <
A62: X40 | B62: H8 | C62: A096 | D62: OOR < | E62: OOR < | F62: OOR < | G62: OOR < | H62: 17.15 | I62: 1110.18 | J62: 75.38 | K62: OOR < | L62: 1028.01 | M62: OOR < | N62: OOR < | O62: OOR < | P62: OOR < | Q62: OOR <
A63: X41 | B63: A9 | C63: A097 | D63: OOR < | E63: OOR < | F63: OOR < | G63: OOR < | H63: OOR < | I63: 24.86 | J63: 12.54 | K63: OOR < | L63: 649.27 | M63: OOR < | N63: OOR < | O63: OOR < | P63: OOR < | Q63: OOR <
A64: X42 | B64: B9 | C64: A098 | D64: OOR < | E64: OOR < | F64: OOR < | G64: OOR < | H64: OOR < | I64: 393.21 | J64: 19.64 | K64: 1.84 | L64: 709.28 | M64: OOR < | N64: OOR < | O64: OOR < | P64: OOR < | Q64: OOR <
A65: X43 | B65: C9 | C65: A099 | D65: OOR < | E65: OOR < | F65: OOR < | G65: OOR < | H65: OOR < | I65: 39.02 | J65: 6.28 | K65: OOR < | L65: 585.93 | M65: OOR < | N65: OOR < | O65: OOR < | P65: OOR < | Q65: OOR <
A66: X44 | B66: D9 | C66: A100 | D66: OOR < | E66: OOR < | F66: OOR < | G66: OOR < | H66: OOR < | I66: 8.37 | J66: 14.37 | K66: *0.99 | L66: 1405.9 | M66: OOR < | N66: OOR < | O66: OOR < | P66: OOR < | Q66: OOR <
A67: X45 | B67: E9 | C67: A101 | D67: OOR < | E67: OOR < | F67: OOR < | G67: OOR < | H67: OOR < | I67: 27.16 | J67: OOR < | K67: OOR < | L67: 782.4 | M67: OOR < | N67: OOR < | O67: OOR < | P67: OOR < | Q67: OOR <
A68: X46 | B68: F9 | C68: A102 | D68: OOR < | E68: OOR < | F68: OOR < | G68: OOR < | H68: OOR < | I68: 51.06 | J68: 55.41 | K68: OOR < | L68: 625.58 | M68: OOR < | N68: OOR < | O68: OOR < | P68: OOR < | Q68: OOR <
A69: X47 | B69: G9 | C69: A103 | D69: OOR < | E69: OOR < | F69: OOR < | G69: OOR < | H69: OOR < | I69: 296.05 | J69: 103.24 | K69: 35.65 | L69: 415.35 | M69: OOR < | N69: OOR < | O69: OOR < | P69: OOR < | Q69: OOR <
A70: X48 | B70: H9 | C70: A104 | D70: OOR < | E70: OOR < | F70: OOR < | G70: OOR < | H70: OOR < | I70: 53.83 | J70: 4.28 | K70: OOR < | L70: 341.31 | M70: OOR < | N70: OOR < | O70: OOR < | P70: OOR < | Q70: OOR <
A71: X49 | B71: A10,A12 | C71: A105 | D71: OOR < | E71: OOR < | F71: OOR < | G71: OOR < | H71: OOR < | I71: 12.76 | J71: *1.20 | K71: OOR < | L71: 305.97 | M71: OOR < | N71: OOR < | O71: OOR < | P71: OOR < | Q71: OOR <
A72: X50 | B72: B10,B12 | C72: A106 | D72: OOR < | E72: OOR < | F72: OOR < | G72: OOR < | H72: OOR < | I72: 377.93 | J72: 244.7 | K72: 27.02 | L72: 604.32 | M72: OOR < | N72: OOR < | O72: OOR < | P72: OOR < | Q72: OOR <
A73: X51 | B73: C10,C12 | C73: A107 | D73: OOR < | E73: OOR < | F73: OOR < | G73: OOR < | H73: OOR < | I73: 42.97 | J73: 24.07 | K73: 21.48 | L73: 644.05 | M73: OOR < | N73: OOR < | O73: OOR < | P73: OOR < | Q73: OOR <
A74: X52 | B74: D10,D12 | C74: A108 | D74: OOR < | E74: OOR < | F74: OOR < | G74: OOR < | H74: OOR < | I74: 189.85 | J74: 13.37 | K74: 3.88 | L74: 541.73 | M74: OOR < | N74: OOR < | O74: OOR < | P74: OOR < | Q74: OOR <
A75: X53 | B75: E10,E12 | C75: A109 | D75: OOR < | E75: OOR < | F75: OOR < | G75: OOR < | H75: OOR < | I75: *3.07 | J75: OOR < | K75: OOR < | L75: 247.04 | M75: OOR < | N75: OOR < | O75: OOR < | P75: OOR < | Q75: OOR <
A76: X54 | B76: F10,F12 | C76: A110 | D76: OOR < | E76: OOR < | F76: OOR < | G76: OOR < | H76: OOR < | I76: OOR < | J76: OOR < | K76: OOR < | L76: 776.11 | M76: OOR < | N76: OOR < | O76: OOR < | P76: OOR < | Q76: OOR <
A77: X55 | B77: G10,G12 | C77: A111 | D77: OOR < | E77: OOR < | F77: OOR < | G77: OOR < | H77: OOR < | I77: *0.08 | J77: OOR < | K77: 10.6 | L77: 279.93 | M77: OOR < | N77: OOR < | O77: OOR < | P77: OOR < | Q77: OOR <
A78: X56 | B78: H10,H12 | C78: A112 | D78: OOR < | E78: OOR < | F78: OOR < | G78: OOR < | H78: OOR < | I78: 26.4 | J78: *1.37 | K78: OOR < | L78: 237.93 | M78: OOR < | N78: OOR < | O78: OOR < | P78: OOR < | Q78: OOR <
D81: IL-33 (12) | E81: IL1b (18) | F81: IL2 (19) | G81: IL4 (20) | H81: IL5 (21) | I81: IL6 (25) | J81: IL-8/CXCL8 (27) | K81: IL10 (28) | L81: GDF-15 (33) | M81: IL12p70 (34) | N81: IL17A/CTLA-8 (36) | O81: IFNg (43) | P81: TNFa (45) | Q81: Granzyme B (72)
A82: Type | B82: Well | C82: Description | D82: Obs Conc | E82: Obs Conc | F82: Obs Conc | G82: Obs Conc | H82: Obs Conc | I82: Obs Conc | J82: Obs Conc | K82: Obs Conc | L82: Obs Conc | M82: Obs Conc | N82: Obs Conc | O82: Obs Conc | P82: Obs Conc | Q82: Obs Conc
A83: B | B83: A3
A84: B | B84: B3
A85: S1 | B85: A1 | E85: *11804.81 | H85: *33532.61 | J85: *11299.83 | K85: 6682.1 | M85: *31048.92 | N85: 14422.94 | P85: *24026.17
A86: S1 | B86: B1 | E86: 11235.99 | H86: 26978.2 | J86: 8826.71 | K86: *7116.86 | M86: 26155.26 | N86: *15688.72 | P86: 23906.51
A87: S2 | B87: C1 | D87: 25860.29 | E87: 2862.18 | F87: 7876.27 | G87: 14042.57 | H87: 10056.54 | I87: 8943.76 | J87: 2427.16 | K87: 1645.82 | L87: *16403.46 | M87: 8255.88 | N87: 4195.25 | P87: 6646.76 | Q87: 13142.29
A88: S2 | B88: D1 | E88: 2501.31 | H88: 8936.35 | J88: 2203.65 | K88: 1584.02 | L88: 11920 | M88: 6805.31 | N88: 3556.43 | P88: 5907.41
A89: S3 | B89: E1 | D89: 4803 | E89: 666.5 | F89: 1694.89 | G89: 3054.32 | H89: 1852 | I89: 2208.87 | J89: 595.89 | K89: 439.06 | L89: 3259.19 | M89: 1753.12 | N89: 901.3 | O89: 2758.26 | P89: 1541
A90: S3 | B90: F1 | D90: 5263.66 | E90: 733.06 | F90: 1836.88 | G90: 3353.89 | H90: 1897.33 | J90: 606.4 | K90: 438.41 | L90: 3619.43 | M90: 1755.92 | N90: 962.39 | P90: 1450.88 | Q90: 3056.26
A91: S4 | B91: G1 | D91: 1362.32 | E91: 189.58 | F91: 477.72 | G91: 891.76 | H91: 526.8 | I91: 578.57 | J91: 152.73 | K91: 102.21 | L91: 850.55 | M91: 460.27 | N91: 242.92 | O91: 692.18 | P91: 391.36 | Q91: 789.38
A92: S4 | B92: H1 | D92: 1440.71 | E92: 179.4 | F92: 481.57 | G92: 882.3 | H92: 571.81 | I92: 577.55 | J92: 157.88 | K92: 107.17 | L92: 887.9 | M92: 473.73 | N92: 247.68 | O92: 697.12 | P92: 407.52 | Q92: 749.17
A93: S5 | B93: A2 | D93: 321.41 | E93: 44.23 | F93: 112.22 | G93: 202.57 | I93: 130.6 | J93: 37.3 | K93: 25.1 | L93: 239.85 | M93: 117.97 | N93: 59.86 | O93: 186.46 | P93: 96.5 | Q93: 205.46
A94: S5 | B94: B2 | D94: 315.05 | E94: 39.61 | F94: 105.35 | G94: 192.46 | H94: 122.91 | I94: 125.74 | J94: 34.27 | K94: 27.02 | L94: 185.55 | M94: 103.86 | N94: 54.03 | O94: 160.31 | P94: 86.62 | Q94: 174.79
A95: S6 | B95: C2 | D95: 83.86 | E95: 11.18 | F95: 33.12 | G95: 54.47 | H95: 37.24 | J95: 10.39 | K95: 6.43 | L95: 48.08 | M95: 29.11 | N95: 15.36 | O95: 40.97 | P95: 26.14 | Q95: 46.75
A96: S6 | B96: D2 | D96: 105.29 | F96: 31.25 | G96: 52.82 | H96: 31.34 | I96: 39.74 | J96: 9.52 | K96: 6.97 | L96: 61.75 | M96: 28.48 | N96: 16.48 | O96: 40.58 | P96: 22.45 | Q96: 50.63
A97: S7 | B97: E2 | D97: 15.56 | F97: 5.65 | G97: 12.44 | H97: 6.32 | I97: *6.53 | J97: 2.53 | K97: 1.73 | L97: 13.18 | M97: *6.15 | N97: 3.32 | O97: 12.3 | P97: 5.76 | Q97: 11.56
A98: S7 | B98: F2 | F98: 5.65 | G98: 16.03 | I98: 9.27 | J98: *1.83 | K98: *1.50 | M98: 7.79 | P98: 6.75
A99: S8 | B99: G2 | O99: 2.41
A100: S8 | B100: H2 | G100: 2.41 | P100: 1.37
A101: C1 | B101: C3 | C101: S2 | D101: 8650.6 | E101: 2438.23 | F101: 4271.79 | G101: 8275.03 | H101: 8240.82 | I101: 6606.05 | J101: 1942.14 | K101: 1482.93 | L101: 9380.41 | M101: 6195.05 | N101: 3259.6 | O101: 2013.29 | P101: 6250.37 | Q101: 4296.77
A102: C1 | B102: D3 | C102: S2 | D102: 8677.77 | E102: 2458.11 | F102: 4802.61 | G102: 9212.78 | H102: 8065.99 | I102: 6129.76 | J102: 2078.83 | K102: 1537.26 | L102: 9575.82 | M102: 6616.92 | N102: 3437.44 | O102: 2282.35 | P102: 6677.67 | Q102: 3941.16
A103: C2 | B103: E3 | C103: S4 | D103: 1379.09 | E103: 177.71 | F103: 454.7 | G103: 795.11 | H103: 545.05 | I103: 545.92 | J103: 149.23 | K103: 102.55 | L103: 846.63 | M103: 408.3 | N103: 240.31 | O103: 663.81 | P103: 382.97 | Q103: 716.13
...

Sheet Obs Conc %CV_2
A1: File Name: C:\Documents and Settings\HUE Sophie\Desktop\resultats et analyses luminex\14-plex Malha-2_120525.rbx
A2: Acquisition Date: 12-May-2025, 01:59 PM
A3: Reader Serial Number: LX10009159402
A4: Standard Lot: 446273-000 Expiration Date: 30-Apr-2026
A5: Plate ID:
A6: RP1 PMT (Volts): 538.22
A7: RP1 Target: 3652
D9: IL-33 (12) | E9: IL1b (18) | F9: IL2 (19) | G9: IL4 (20) | H9: IL5 (21) | I9: IL6 (25) | J9: IL-8/CXCL8 (27) | K9: IL10 (28) | L9: GDF-15 (33) | M9: IL12p70 (34) | N9: IL17A/CTLA-8 (36) | O9: IFNg (43) | P9: TNFa (45) | Q9: Granzyme B (72)
A10: Type | B10: Well | C10: Description | D10: Obs Conc %CV | E10: Obs Conc %CV | F10: Obs Conc %CV | G10: Obs Conc %CV | H10: Obs Conc %CV | I10: Obs Conc %CV | J10: Obs Conc %CV | K10: Obs Conc %CV | L10: Obs Conc %CV | M10: Obs Conc %CV | N10: Obs Conc %CV | O10: Obs Conc %CV | P10: Obs Conc %CV | Q10: Obs Conc %CV
A11: B | B11: A3,B3
A12: S1 | B12: A1,B1 | E12: 3.49 | H12: 15.32 | J12: 17.38 | K12: 4.46 | M12: 12.1 | N12: 5.94 | P12: 0.35
A13: S2 | B13: C1,D1 | D13: 0 | E13: 9.52 | F13: 0 | G13: 0 | H13: 8.34 | I13: 0 | J13: 6.83 | K13: 2.71 | L13: 22.39 | M13: 13.62 | N13: 11.65 | P13: 8.33 | Q13: 0
A14: S3 | B14: E1,F1 | D14: 6.47 | E14: 6.73 | F14: 5.69 | G14: 6.61 | H14: 1.71 | I14: 0 | J14: 1.24 | K14: 0.1 | L14: 7.41 | M14: 0.11 | N14: 4.64 | O14: 0 | P14: 4.26 | Q14: 0
A15: S4 | B15: G1,H1 | D15: 3.95 | E15: 3.9 | F15: 0.57 | G15: 0.75 | H15: 5.79 | I15: 0.12 | J15: 2.34 | K15: 3.35 | L15: 3.04 | M15: 2.04 | N15: 1.37 | O15: 0.5 | P15: 2.86 | Q15: 3.7
A16: S5 | B16: A2,B2 | D16: 1.41 | E16: 7.79 | F16: 4.46 | G16: 3.62 | H16: 0 | I16: 2.68 | J16: 5.99 | K16: 5.22 | L16: 18.05 | M16: 8.99 | N16: 7.25 | O16: 10.66 | P16: 7.63 | Q16: 11.41
A17: S6 | B17: C2,D2 | D17: 16.02 | E17: 0 | F17: 4.1 | G17: 2.16 | H17: 12.17 | I17: 0 | J17: 6.16 | K17: 5.75 | L17: 17.6 | M17: 1.55 | N17: 4.95 | O17: 0.68 | P17: 10.75 | Q17: 5.64
A18: S7 | B18: E2,F2 | D18: 0 | F18: 0 | G18: 17.83 | H18: 0 | I18: 24.59 | J18: 22.83 | K18: 9.99 | L18: 0 | M18: 16.67 | N18: 0 | O18: 0 | P18: 11.24 | Q18: 0
A19: S8 | B19: G2,H2 | G19: 0 | O19: 0 | P19: 0
A20: C1 | B20: C3,D3 | C20: S2 | D20: 0.22 | E20: 0.57 | F20: 8.27 | G20: 7.58 | H20: 1.52 | I20: 5.29 | J20: 4.81 | K20: 2.54 | L20: 1.46 | M20: 4.66 | N20: 3.76 | O20: 8.86 | P20: 4.67 | Q20: 6.1
A21: C2 | B21: E3,F3 | C21: S4 | D21: 1.1 | E21: 0.34 | F21: 0.14 | G21: 4.28 | H21: 4.65 | I21: 1.47 | J21: 0.76 | K21: 0.79 | L21: 5.07 | M21: 10.4 | N21: 1.96 | O21: 0.51 | P21: 6.96 | Q21: 3.81
A22: C3 | B22: G3,H3 | C22: S6 | D22: 11.88 | E22: 4.67 | F22: 2.09 | G22: 19.11 | H22: 8.06 | I22: 0 | J22: 9.67 | K22: 1.13 | L22: 2.86 | M22: 2.36 | N22: 13.3 | O22: 10.19 | P22: 4.26 | Q22: 0
A23: X1 | B23: A4,A11 | C23: A057 | I23: 5.79 | J23: 36.38 | K23: 0 | L23: 6.33
A24: X2 | B24: B4,B11 | C24: A058 | I24: 15.42 | J24: 61.68 | L24: 5.5
A25: X3 | B25: C4,C11 | C25: A059 | I25: 0 | J25: 40.59 | L25: 3.2
A26: X4 | B26: D4,D11 | C26: A060 | I26: 1.9 | J26: 0.46 | K26: 45.16 | L26: 10.81
A27: X5 | B27: E4,E11 | C27: A061 | I27: 28.47 | J27: 121.82 | L27: 4.64
A28: X6 | B28: F4,F11 | C28: A062 | I28: 9.25 | J28: 19.43 | K28: 11.62 | L28: 11.06
A29: X7 | B29: G4,G11 | C29: A063 | I29: 13.77 | J29: 18.32 | K29: 11.45 | L29: 12.51
A30: X8 | B30: H4,H11 | C30: A064 | I30: 22.29 | J30: 5.54 | L30: 3.72
A31: X9 | B31: A5 | C31: A065 | I31: 0 | J31: 0 | L31: 0
A32: X10 | B32: B5 | C32: A066 | I32: 0 | J32: 0 | L32: 0
A33: X11 | B33: C5 | C33: A067 | H33: 0 | I33: 0 | J33: 0 | L33: 0
A34: X12 | B34: D5 | C34: A068 | I34: 0 | J34: 0 | L34: 0
A35: X13 | B35: E5 | C35: A069 | J35: 0 | K35: 0 | L35: 0
A36: X14 | B36: F5 | C36: A070 | I36: 0 | J36: 0 | L36: 0
A37: X15 | B37: G5 | C37: A071 | J37: 0 | L37: 0
A38: X16 | B38: H5 | C38: A072 | I38: 0 | J38: 0 | K38: 0 | L38: 0
A39: X17 | B39: A6 | C39: A073 | I39: 0 | J39: 0 | L39: 0
A40: X18 | B40: B6 | C40: A074 | I40: 0 | J40: 0 | L40: 0
A41: X19 | B41: C6 | C41: A075 | I41: 0 | L41: 0
A42: X20 | B42: D6 | C42: A076 | I42: 0 | J42: 0 | K42: 0 | L42: 0
A43: X21 | B43: E6 | C43: A077 | I43: 0 | J43: 0 | K43: 0 | L43: 0
A44: X22 | B44: F6 | C44: A078 | I44: 0 | J44: 0 | K44: 0 | L44: 0
A45: X23 | B45: G6 | C45: A079 | I45: 0 | J45: 0 | K45: 0 | L45: 0
A46: X24 | B46: H6 | C46: A080 | I46: 0 | J46: 0 | L46: 0
A47: X25 | B47: A7 | C47: A081 | I47: 0 | J47: 0 | L47: 0
A48: X26 | B48: B7 | C48: A082 | I48: 0 | J48: 0 | K48: 0 | L48: 0
A49: X27 | B49: C7 | C49: A083 | I49: 0 | J49: 0 | L49: 0
A50: X28 | B50: D7 | C50: A084 | I50: 0 | J50: 0 | L50: 0 | P50: 0
A51: X29 | B51: E7 | C51: A085 | H51: 0 | I51: 0 | J51: 0 | K51: 0 | L51: 0
A52: X30 | B52: F7 | C52: A086 | I52: 0 | J52: 0 | K52: 0 | L52: 0
A53: X31 | B53: G7 | C53: A087 | J53: 0 | K53: 0 | L53: 0
A54: X32 | B54: H7 | C54: A088 | I54: 0 | J54: 0 | K54: 0 | L54: 0
A55: X33 | B55: A8 | C55: A089 | I55: 0 | J55: 0 | L55: 0
A56: X34 | B56: B8 | C56: A090 | I56: 0 | J56: 0 | K56: 0 | L56: 0
A57: X35 | B57: C8 | C57: A091 | I57: 0 | J57: 0 | K57: 0 | L57: 0
A58: X36 | B58: D8 | C58: A092 | I58: 0 | J58: 0 | L58: 0
A59: X37 | B59: E8 | C59: A093 | I59: 0 | J59: 0 | L59: 0
A60: X38 | B60: F8 | C60: A094 | J60: 0 | L60: 0
A61: X39 | B61: G8 | C61: A095 | I61: 0 | J61: 0 | K61: 0 | L61: 0
A62: X40 | B62: H8 | C62: A096 | H62: 0 | I62: 0 | J62: 0 | L62: 0
A63: X41 | B63: A9 | C63: A097 | I63: 0 | J63: 0 | L63: 0
A64: X42 | B64: B9 | C64: A098 | I64: 0 | J64: 0 | K64: 0 | L64: 0
A65: X43 | B65: C9 | C65: A099 | I65: 0 | J65: 0 | L65: 0
A66: X44 | B66: D9 | C66: A100 | I66: 0 | J66: 0 | K66: 0 | L66: 0
A67: X45 | B67: E9 | C67: A101 | I67: 0 | L67: 0
A68: X46 | B68: F9 | C68: A102 | I68: 0 | J68: 0 | L68: 0
A69: X47 | B69: G9 | C69: A103 | I69: 0 | J69: 0 | K69: 0 | L69: 0
A70: X48 | B70: H9 | C70: A104 | I70: 0 | J70: 0 | L70: 0
A71: X49 | B71: A10,A12 | C71: A105 | I71: 67.83 | J71: 0 | L71: 16.39
A72: X50 | B72: B10,B12 | C72: A106 | I72: 1.78 | J72: 8.51 | K72: 8.93 | L72: 15.57
A73: X51 | B73: C10,C12 | C73: A107 | I73: 29.45 | J73: 9.41 | K73: 13.24 | L73: 14.05
A74: X52 | B74: D10,D12 | C74: A108 | I74: 7.07 | J74: 18.38 | K74: 31.31 | L74: 1.72
A75: X53 | B75: E10,E12 | C75: A109 | I75: 137.51 | L75: 4.66
A76: X54 | B76: F10,F12 | C76: A110 | L76: 8.89
A77: X55 | B77: G10,G12 | C77: A111 | I77: 0 | K77: 20.36 | L77: 17.29
A78: X56 | B78: H10,H12 | C78: A112 | I78: 49.88 | J78: 0 | L78: 25.17
D81: IL-33 (12) | E81: IL1b (18) | F81: IL2 (19) | G81: IL4 (20) | H81: IL5 (21) | I81: IL6 (25) | J81: IL-8/CXCL8 (27) | K81: IL10 (28) | L81: GDF-15 (33) | M81: IL12p70 (34) | N81: IL17A/CTLA-8 (36) | O81: IFNg (43) | P81: TNFa (45) | Q81: Granzyme B (72)
A82: Type | B82: Well | C82: Description | D82: Obs Conc %CV | E82: Obs Conc %CV | F82: Obs Conc %CV | G82: Obs Conc %CV | H82: Obs Conc %CV | I82: Obs Conc %CV | J82: Obs Conc %CV | K82: Obs Conc %CV | L82: Obs Conc %CV | M82: Obs Conc %CV | N82: Obs Conc %CV | O82: Obs Conc %CV | P82: Obs Conc %CV | Q82: Obs Conc %CV
A83: B | B83: A3
A84: B | B84: B3
A85: S1 | B85: A1
A86: S1 | B86: B1
A87: S2 | B87: C1
A88: S2 | B88: D1
A89: S3 | B89: E1
A90: S3 | B90: F1
A91: S4 | B91: G1
A92: S4 | B92: H1
A93: S5 | B93: A2
A94: S5 | B94: B2
... A100: S8 | B100: H2
A101: C1 | B101: C3 | C101: S2
A102: C1 | B102: D3 | C102: S2
A103: C2 | B103: E3 | C103: S4
A104: C2 | B104: F3 | C104: S4
A105: C3 | B105: G3 | C105: S6
A106: C3 | B106: H3 | C106: S6
A107: X1 | B107: A4 | C107: A057
A108: X1 | B108: A11 | C108: A057
...

Sheet Final Result
A1: Study | B1: box n° | C1: Sample ID number | D1: N° | E1: Type | F1: [IL-33] in pg/mL | G1: IL-33 CV in % | H1: [IL1b] in pg/mL | I1: IL1b CV in % | J1: [IL2] in pg/mL | K1: IL2 CV in % | L1: [IL4] in pg/mL | M1: IL4 CV in % | N1: [IL5] in pg/mL | O1: IL5 CV in % | P1: [IL6] in pg/mL | Q1: IL6 CV in % | R1: [IL8/CXCL8] in pg/mL | S1: IL8/CXCL8 CV in % | T1: [IL10] in pg/mL | U1: IL10 CV in % | V1: [GDF-15] in pg/mL | W1: GDF-15 CV in % | X1: [IL12p70] in pg/mL | Y1: IL12p70 CV in % | Z1: [IL17A/CTLA-8] in pg/mL | AA1: IL17A/CTLA-8 CV in % | AB1: [IFNg] in pg/mL | AC1: IFNg CV in % | AD1: [TNFa] in pg/mL | AE1: TNFa CV in % | AF1: [Granzyme B] in pg/mL | AG1: Granzyme B CV in %
A2: ADRECMO | B2: box 1 | C2: ADRECMO-01_SR_J0 | D2: A001 | E2: serum | F2: < 3,77 | G2: 0 | H2: OOR < | I2: 0 | J2: OOR < | K2: 0 | L2: OOR < | M2: 0 | N2: < 0,005 | O2: 0 | P2: 25.35 | Q2: 8.07 | R2: 9.83 | S2: 15.32 | T2: < 0,035 | U2: 0 | V2: 405.42 | W2: 15.5 | X2: OOR < | Y2: 0 | Z2: < 0,565 | AA2: 0 | AB2: OOR < | AC2: 0 | AD2: OOR < | AE2: 0 | AF2: OOR < | AG2: 0
A3: ADRECMO | B3: box 1 | C3: ADRECMO-01_SR_J3-J5 | D3: A002 | E3: serum | F3: < 3,77 | G3: 0 | H3: OOR < | I3: 0 | J3: OOR < | K3: 0 | L3: OOR < | M3: 0 | N3: *2,50 | O3: 73.6 | P3: 47.13 | Q3: 9.01 | R3: 3.29 | S3: 7.48 | T3: < 0,035 | U3: 0 | V3: 313.34 | W3: 0.64 | X3: OOR < | Y3: 0 | Z3: < 0,565 | AA3: 0 | AB3: OOR < | AC3: 0 | AD3: OOR < | AE3: 0 | AF3: OOR < | AG3: 0
A4: ADRECMO | B4: box 1 | C4: ADRECMO-01_SR_JS | D4: A003 | E4: serum | F4: < 3,77 | G4: 0 | H4: OOR < | I4: 0 | J4: OOR < | K4: 0 | L4: OOR < | M4: 0 | N4: *0,01 | O4: 0 | P4: 53.41 | Q4: 26.14 | R4: 3.47 | S4: 31.95 | T4: < 0,035 | U4: 0 | V4: 379.9 | W4: 19.7 | X4: OOR < | Y4: 0 | Z4: < 0,565 | AA4: 0 | AB4: OOR < | AC4: 0 | AD4: OOR < | AE4: 0 | AF4: OOR < | AG4: 0
A5: ADRECMO | B5: box 1 | C5: ADRECMO-02_SR_J0 | D5: A004 | E5: serum | F5: < 3,77 | G5: 0 | H5: OOR < | I5: 0 | J5: OOR < | K5: 0 | L5: OOR < | M5: 0 | N5: *5,19 | O5: 0 | P5: 416.67 | Q5: 5.37 | R5: 87.29 | S5: 1.37 | T5: 105.86 | U5: 4.04 | V5: 660.73 | W5: 4.57 | X5: OOR < | Y5: 0 | Z5: < 0,565 | AA5: 0 | AB5: OOR < | AC5: 0 | AD5: OOR < | AE5: 0 | AF5: OOR < | AG5: 0
A6: ADRECMO | B6: box 1 | C6: ADRECMO-02_SR_J3-J5 | D6: A005 | E6: serum | F6: < 3,77 | G6: 0 | H6: OOR < | I6: 0 | J6: OOR < | K6: 0 | L6: OOR < | M6: 0 | N6: *6,56 | O6: 0 | P6: 50.78 | Q6: 1.84 | R6: 18.75 | S6: 12.99 | T6: *1,52 | U6: 11.84 | V6: 580.6 | W6: 9.12 | X6: OOR < | Y6: 0 | Z6: < 0,565 | AA6: 0 | AB6: OOR < | AC6: 0 | AD6: OOR < | AE6: 0 | AF6: OOR < | AG6: 0
A7: ADRECMO | B7: box 1 | C7: ADRECMO-02_SR_JS | D7: A006 | E7: serum | F7: < 3,77 | G7: 0 | H7: OOR < | I7: 0 | J7: OOR < | K7: 0 | L7: OOR < | M7: 0 | N7: *6,56 | O7: 59.21 | P7: 55.37 | Q7: 13.35 | R7: 22.31 | S7: 24.31 | T7: 4.12 | U7: 25.17 | V7: 655.39 | W7: 6.59 | X7: OOR < | Y7: 0 | Z7: < 0,565 | AA7: 0 | AB7: OOR < | AC7: 0 | AD7: OOR < | AE7: 0 | AF7: OOR < | AG7: 0
A8: ADRECMO | B8: box 1 | C8: ADRECMO-03_SR_J0 | D8: A007 | E8: serum | F8: < 3,77 | G8: 0 | H8: OOR < | I8: 0 | J8: OOR < | K8: 0 | L8: OOR < | M8: 0 | N8: *0,01 | O8: 0 | P8: 90.99 | Q8: 6.18 | R8: 2.81 | S8: 19.94 | T8: 10.4 | U8: 17.37 | V8: 423.87 | W8: 7.74 | X8: OOR < | Y8: 0 | Z8: < 0,565 | AA8: 0 | AB8: OOR < | AC8: 0 | AD8: OOR < | AE8: 0 | AF8: OOR < | AG8: 0
A9: ADRECMO | B9: box 1 | C9: ADRECMO-03_SR_J3 | D9: A008 | E9: serum | F9: < 3,77 | G9: 0 | H9: OOR < | I9: 0 | J9: OOR < | K9: 0 | L9: OOR < | M9: 0 | N9: *3,83 | O9: 97.42 | P9: 59.92 | Q9: 7.63 | R9: 2.5 | S9: 20.07 | T9: < 0,035 | U9: 0 | V9: 416.77 | W9: 1.61 | X9: OOR < | Y9: 0 | Z9: < 0,565 | AA9: 0 | AB9: OOR < | AC9: 0 | AD9: OOR < | AE9: 0 | AF9: OOR < | AG9: 0
A10: ADRECMO | B10: box 1 | C10: ADRECMO-03_SR_JS | D10: A009 | E10: serum | F10: < 3,77 | G10: 0 | H10: OOR < | I10: 0 | J10: OOR < | K10: 0 | L10: OOR < | M10: 0 | N10: < 0,005 | O10: 0 | P10: 42.76 | Q10: 0 | R10: 5.77 | S10: 0 | T10: < 0,035 | U10: 0 | V10: 613.32 | W10: 0 | X10: OOR < | Y10: 0 | Z10: < 0,565 | AA10: 0 | AB10: OOR < | AC10: 0 | AD10: OOR < | AE10: 0 | AF10: OOR < | AG10: 0
A11: ADRECMO | B11: box 1 | C11: ADRECMO-04_SR_J0 | D11: A010 | E11: serum | F11: < 3,77 | G11: 0 | H11: OOR < | I11: 0 | J11: OOR < | K11: 0 | L11: OOR < | M11: 0 | N11: 9.36 | O11: 0 | P11: 347.38 | Q11: 0 | R11: 47.59 | S11: 0 | T11: 17.34 | U11: 0 | V11: 308.15 | W11: 0 | X11: OOR < | Y11: 0 | Z11: < 0,565 | AA11: 0 | AB11: OOR < | AC11: 0 | AD11: OOR < | AE11: 0 | AF11: OOR < | AG11: 0
A12: ADRECMO | B12: box 1 | C12: ADRECMO-04_SR_J3 | D12: A011 | E12: serum | F12: < 3,77 | G12: 0 | H12: OOR < | I12: 0 | J12: OOR < | K12: 0 | L12: OOR < | M12: 0 | N12: < 0,005 | O12: 0 | P12: 13.34 | Q12: 0 | R12: *2,06 | S12: 0 | T12: < 0,035 | U12: 0 | V12: 267.51 | W12: 0 | X12: OOR < | Y12: 0 | Z12: < 0,565 | AA12: 0 | AB12: OOR < | AC12: 0 | AD12: OOR < | AE12: 0 | AF12: OOR < | AG12: 0
A13: ADRECMO | B13: box 1 | C13: ADRECMO-04_SR_JS | D13: A012 | E13: serum | F13: < 3,77 | G13: 0 | H13: OOR < | I13: 0 | J13: OOR < | K13: 0 | L13: OOR < | M13: 0 | N13: *1,21 | O13: 0 | P13: 8.49 | Q13: 0 | R13: 8.1 | S13: 0 | T13: < 0,035 | U13: 0 | V13: 327.98 | W13: 0 | X13: OOR < | Y13: 0 | Z13: < 0,565 | AA13: 0 | AB13: OOR < | AC13: 0 | AD13: OOR < | AE13: 0 | AF13: OOR < | AG13: 0
A14: ADRECMO | B14: box 1 | C14: ADRECMO-05_SR_J0 | D14: A013 | E14: serum | F14: < 3,77 | G14: 0 | H14: OOR < | I14: 0 | J14: OOR < | K14: 0 | L14: OOR < | M14: 0 | N14: *1,21 | O14: 0 | P14: 290.74 | Q14: 0 | R14: 114.27 | S14: 0 | T14: 9.42 | U14: 0 | V14: 2386.6 | W14: 0 | X14: OOR < | Y14: 0 | Z14: < 0,565 | AA14: 0 | AB14: OOR < | AC14: 0 | AD14: OOR < | AE14: 0 | AF14: OOR < | AG14: 0
A15: ADRECMO | B15: box 1 | C15: ADRECMO-05_SR_J3 | D15: A014 | E15: serum | F15: < 3,77 | G15: 0 | H15: OOR < | I15: 0 | J15: OOR < | K15: 0 | L15: OOR < | M15: 0 | N15: 12.19 | O15: 0 | P15: 142.29 | Q15: 0 | R15: 31.57 | S15: 0 | T15: 5.1 | U15: 0 | V15: 1455.97 | W15: 0 | X15: OOR < | Y15: 0 | Z15: < 0,565 | AA15: 0 | AB15: OOR < | AC15: 0 | AD15: OOR < | AE15: 0 | AF15: OOR < | AG15: 0
A16: ADRECMO | B16: box 1 | C16: ADRECMO-06_SR_J0 | D16: A015 | E16: serum | F16: < 3,77 | G16: 0 | H16: OOR < | I16: 0 | J16: OOR < | K16: 0 | L16: OOR < | M16: 0 | N16: *3,83 | O16: 0 | P16: 227.73 | Q16: 0 | R16: 36.68 | S16: 0 | T16: < 0,035 | U16: 0 | V16: 633.6 | W16: 0 | X16: OOR < | Y16: 0 | Z16: < 0,565 | AA16: 0 | AB16: OOR < | AC16: 0 | AD16: OOR < | AE16: 0 | AF16: OOR < | AG16: 0
A17: ADRECMO | B17: box 1 | C17: ADRECMO-06_SR_J3 | D17: A016 | E17: serum | F17: < 3,77 | G17: 0 | H17: OOR < | I17: 0 | J17: OOR < | K17: 0 | L17: OOR < | M17: 0 | N17: *1,21 | O17: 0 | P17: 78.32 | Q17: 0 | R17: 14.38 | S17: 0 | T17: < 0,035 | U17: 0 | V17: 506.95 | W17: 0 | X17: OOR < | Y17: 0 | Z17: < 0,565 | AA17: 0 | AB17: OOR < | AC17: 0 | AD17: OOR < | AE17: 0 | AF17: OOR < | AG17: 0
A18: ADRECMO | B18: box 1 | C18: ADRECMO-06_SR_JS | D18: A017 | E18: serum | F18: < 3,77 | G18: 0 | H18: OOR < | I18: 0 | J18: OOR < | K18: 0 | L18: OOR < | M18: 0 | N18: < 0,005 | O18: 0 | P18: 18.72 | Q18: 0 | R18: 5.26 | S18: 0 | T18: < 0,035 | U18: 0 | V18: 398.8 | W18: 0 | X18: OOR < | Y18: 0 | Z18: < 0,565 | AA18: 0 | AB18: OOR < | AC18: 0 | AD18: OOR < | AE18: 0 | AF18: OOR < | AG18: 0
A19: ADRECMO | B19: box 1 | C19: ADRECMO-07_SR_J0 | D19: A018 | E19: serum | F19: < 3,77 | G19: 0 | H19: OOR < | I19: 0 | J19: OOR < | K19: 0 | L19: OOR < | M19: 0 | N19: 15.07 | O19: 0 | P19: 2035.06 | Q19: 0 | R19: 179.94 | S19: 0 | T19: 212.38 | U19: 0 | V19: 711.38 | W19: 0 | X19: OOR < | Y19: 0 | Z19: < 0,565 | AA19: 0 | AB19: OOR < | AC19: 0 | AD19: 2.18 | AE19: 0 | AF19: OOR < | AG19: 0
A20: ADRECMO | B20: box 1 | C20: ADRECMO-07_SR_J3 | D20: A019 | E20: serum | F20: < 3,77 | G20: 0 | H20: OOR < | I20: 0 | J20: OOR < | K20: 0 | L20: OOR < | M20: 0 | N20: < 0,005 | O20: 0 | P20: 72.05 | Q20: 0 | R20: 217.63 | S20: 0 | T20: 3.14 | U20: 0 | V20: 2242.26 | W20: 0 | X20: OOR < | Y20: 0 | Z20: < 0,565 | AA20: 0 | AB20: OOR < | AC20: 0 | AD20: OOR < | AE20: 0 | AF20: OOR < | AG20: 0
A21: ADRECMO | B21: box 1 | C21: ADRECMO-07_SR_JS | D21: A020 | E21: serum | F21: < 3,77 | G21: 0 | H21: OOR < | I21: 0 | J21: OOR < | K21: 0 | L21: OOR < | M21: 0 | N21: *1,21 | O21: 0 | P21: 61.21 | Q21: 0 | R21: 193.3 | S21: 0 | T21: 4.61 | U21: 0 | V21: 737.83 | W21: 0 | X21: OOR < | Y21: 0 | Z21: < 0,565 | AA21: 0 | AB21: OOR < | AC21: 0 | AD21: OOR < | AE21: 0 | AF21: OOR < | AG21: 0
A22: ADRECMO | B22: box 1 | C22: ADRECMO-08_SR_J0 | D22: A021 | E22: serum | F22: < 3,77 | G22: 0 | H22: OOR < | I22: 0 | J22: OOR < | K22: 0 | L22: OOR < | M22: 0 | N22: < 0,005 | O22: 0 | P22: 14.9 | Q22: 0 | R22: *0,66 | S22: 0 | T22: < 0,035 | U22: 0 | V22: 264.67 | W22: 0 | X22: OOR < | Y22: 0 | Z22: < 0,565 | AA22: 0 | AB22: OOR < | AC22: 0 | AD22: OOR < | AE22: 0 | AF22: OOR < | AG22: 0
A23: ADRECMO | B23: box 1 | C23: ADRECMO-08_SR_J3 | D23: A022 | E23: serum | F23: < 3,77 | G23: 0 | H23: OOR < | I23: 0 | J23: OOR < | K23: 0 | L23: OOR < | M23: 0 | N23: < 0,005 | O23: 0 | P23: 17.2 | Q23: 0 | R23: 2.68 | S23: 0 | T23: < 0,035 | U23: 0 | V23: 289.26 | W23: 0 | X23: OOR < | Y23: 0 | Z23: < 0,565 | AA23: 0 | AB23: OOR < | AC23: 0 | AD23: OOR < | AE23: 0 | AF23: OOR < | AG23: 0
A24: ADRECMO | B24: box 1 | C24: ADRECMO-08_SR_JS | D24: A023 | E24: serum | F24: < 3,77 | G24: 0 | H24: OOR < | I24: 0 | J24: OOR < | K24: 0 | L24: OOR < | M24: 0 | N24: < 0,005 | O24: 0 | P24: < 0,04 | Q24: 0 | R24: *0,86 | S24: 0 | T24: < 0,035 | U24: 0 | V24: 330.81 | W24: 0 | X24: OOR < | Y24: 0 | Z24: < 0,565 | AA24: 0 | AB24: OOR < | AC24: 0 | AD24: OOR < | AE24: 0 | AF24: OOR < | AG24: 0
A25: ADRECMO | B25: box 1 | C25: ADRECMO-09_SR_J0 | D25: A024 | E25: serum | F25: < 3,77 | G25: 0 | H25: OOR < | I25: 0 | J25: OOR < | K25: 0 | L25: OOR < | M25: 0 | N25: *3,83 | O25: 0 | P25: 46.13 | Q25: 0 | R25: 5.77 | S25: 0 | T25: *0,48 | U25: 0 | V25: 291.15 | W25: 0 | X25: OOR < | Y25: 0 | Z25: < 0,565 | AA25: 0 | AB25: OOR < | AC25: 0 | AD25: OOR < | AE25: 0 | AF25: OOR < | AG25: 0
A26: ADRECMO | B26: box 1 | C26: ADRECMO-09_SR_J3 | D26: A025 | E26: serum | F26: < 3,77 | G26: 0 | H26: OOR < | I26: 0 | J26: OOR < | K26: 0 | L26: OOR < | M26: 0 | N26: *1,21 | O26: 0 | P26: < 0,04 | Q26: 0 | R26: < 0,23 | S26: 0 | T26: < 0,035 | U26: 0 | V26: 178.07 | W26: 0 | X26: OOR < | Y26: 0 | Z26: < 0,565 | AA26: 0 | AB26: OOR < | AC26: 0 | AD26: OOR < | AE26: 0 | AF26: OOR < | AG26: 0
A27: ADRECMO | B27: box 1 | C27: ADRECMO-10_SR_J0 | D27: A026 | E27: serum | F27: < 3,77 | G27: 0 | H27: OOR < | I27: 0 | J27: OOR < | K27: 0 | L27: OOR < | M27: 0 | N27: < 0,005 | O27: 0 | P27: 31.76 | Q27: 0 | R27: 14.94 | S27: 0 | T27: 2.02 | U27: 0 | V27: 984.21 | W27: 0 | X27: OOR < | Y27: 0 | Z27: < 0,565 | AA27: 0 | AB27: OOR < | AC27: 0 | AD27: OOR < | AE27: 0 | AF27: OOR < | AG27: 0
A28: ADRECMO | B28: box 1 | C28: ADRECMO-10_SR_JS | D28: A027 | E28: serum | F28: < 3,77 | G28: 0 | H28: OOR < | I28: 0 | J28: OOR < | K28: 0 | L28: OOR < | M28: 0 | N28: *1,21 | O28: 0 | P28: 14.12 | Q28: 0 | R28: *0,66 | S28: 0 | T28: < 0,035 | U28: 0 | V28: 401.64 | W28: 0 | X28: OOR < | Y28: 0 | Z28: < 0,565 | AA28: 0 | AB28: OOR < | AC28: 0 | AD28: OOR < | AE28: 0 | AF28: OOR < | AG28: 0
A29: ADRECMO | B29: box 1 | C29: ADRECMO-11_SR_J0 | D29: A028 | E29: serum | F29: < 3,77 | G29: 0 | H29: OOR < | I29: 0 | J29: OOR < | K29: 0 | L29: OOR < | M29: 0 | N29: *1,21 | O29: 0 | P29: < 0,04 | Q29: 0 | R29: 68.28 | S29: 0 | T29: < 0,035 | U29: 0 | V29: 966.84 | W29: 0 | X29: OOR < | Y29: 0 | Z29: *1,13 | AA29: 0 | AB29: OOR < | AC29: 0 | AD29: OOR < | AE29: 0 | AF29: OOR < | AG29: 0
A30: ADRECMO | B30: box 1 | C30: ADRECMO-11_SR_J3-J5 | D30: A029 | E30: serum | F30: < 3,77 | G30: 0 | H30: OOR < | I30: 0 | J30: OOR < | K30: 0 | L30: OOR < | M30: 0 | N30: < 0,005 | O30: 0 | P30: < 0,04 | Q30: 0 | R30: 8.52 | S30: 0 | T30: < 0,035 | U30: 0 | V30: 760.45 | W30: 0 | X30: OOR < | Y30: 0 | Z30: < 0,565 | AA30: 0 | AB30: OOR < | AC30: 0 | AD30: OOR < | AE30: 0 | AF30: OOR < | AG30: 0
A31: ADRECMO | B31: box 1 | C31: ADRECMO-11_SR_JS | D31: A030 | E31: serum | F31: < 3,77 | G31: 0 | H31: OOR < | I31: 0 | J31: OOR < | K31: 0 | L31: OOR < | M31: 0 | N31: < 0,005 | O31: 0 | P31: < 0,04 | Q31: 0 | R31: *1,78 | S31: 0 | T31: < 0,035 | U31: 0 | V31: 553.75 | W31: 0 | X31: OOR < | Y31: 0 | Z31: < 0,565 | AA31: 0 | AB31: OOR < | AC31: 0 | AD31: OOR < | AE31: 0 | AF31: OOR < | AG31: 0
A32: ADRECMO | B32: box 1 | C32: ADRECMO-13_SR_J0 | D32: A031 | E32: serum | F32: < 3,77 | G32: 0 | H32: OOR < | I32: 0 | J32: OOR < | K32: 0 | L32: OOR < | M32: 0 | N32: *1,21 | O32: 0 | P32: 148.62 | Q32: 0 | R32: 34.6 | S32: 0 | T32: 195.65 | U32: 0 | V32: 2079.09 | W32: 0 | X32: OOR < | Y32: 0 | Z32: < 0,565 | AA32: 0 | AB32: OOR < | AC32: 0 | AD32: OOR < | AE32: 0 | AF32: OOR < | AG32: 0
A33: ADRECMO | B33: box 1 | C33: ADRECMO-13_SR_J3 | D33: A032 | E33: serum | F33: < 3,77 | G33: 0 | H33: OOR < | I33: 0 | J33: OOR < | K33: 0 | L33: OOR < | M33: 0 | N33: 9.36 | O33: 0 | P33: 36.63 | Q33: 0 | R33: 123.52 | S33: 0 | T33: 32.6 | U33: 0 | V33: 2612.85 | W33: 0 | X33: OOR < | Y33: 0 | Z33: < 0,565 | AA33: 0 | AB33: OOR < | AC33: 0 | AD33: OOR < | AE33: 0 | AF33: OOR < | AG33: 0
A34: ADRECMO | B34: box 1 | C34: ADRECMO-14_SR_J0 | D34: A033 | E34: serum | F34: < 3,77 | G34: 0 | H34: OOR < | I34: 0 | J34: OOR < | K34: 0 | L34: OOR < | M34: 0 | N34: 9.36 | O34: 0 | P34: 645.67 | Q34: 0 | R34: 38.44 | S34: 0 | T34: 22.74 | U34: 0 | V34: 391.24 | W34: 0 | X34: OOR < | Y34: 0 | Z34: < 0,565 | AA34: 0 | AB34: OOR < | AC34: 0 | AD34: OOR < | AE34: 0 | AF34: OOR < | AG34: 0
A35: ADRECMO | B35: box 1 | C35: ADRECMO-16_SR_J0 | D35: A034 | E35: serum | F35: < 3,77 | G35: 0 | H35: OOR < | I35: 0 | J35: OOR < | K35: 0 | L35: OOR < | M35: 0 | N35: < 0,005 | O35: 0 | P35: 59.92 | Q35: 0 | R35: 44.69 | S35: 0 | T35: 18.99 | U35: 0 | V35: 1411.33 | W35: 0 | X35: OOR < | Y35: 0 | Z35: < 0,565 | AA35: 0 | AB35: OOR < | AC35: 0 | AD35: OOR < | AE35: 0 | AF35: OOR < | AG35: 0
A36: ADRECMO | B36: box 1 | C36: ADRECMO-16_SR_J3 | D36: A035 | E36: serum | F36: < 3,77 | G36: 0 | H36: OOR < | I36: 0 | J36: OOR < | K36: 0 | L36: OOR < | M36: 0 | N36: < 0,005 | O36: 0 | P36: 32.46 | Q36: 0 | R36: 9.42 | S36: 0 | T36: < 0,035 | U36: 0 | V36: 1058.38 | W36: 0 | X36: OOR < | Y36: 0 | Z36: < 0,565 | AA36: 0 | AB36: OOR < | AC36: 0 | AD36: OOR < | AE36: 0 | AF36: OOR < | AG36: 0
A37: ADRECMO | B37: box 1 | C37: ADRECMO-16_SR_JS | D37: A036 | E37: serum | F37: < 3,77 | G37: 0 | H37: OOR < | I37: 0 | J37: OOR < | K37: 0 | L37: OOR < | M37: 0 | N37: *3,83 | O37: 0 | P37: < 0,04 | Q37: 0 | R37: *0,46 | S37: 0 | T37: < 0,035 | U37: 0 | V37: 294.93 | W37: 0 | X37: OOR < | Y37: 0 | Z37: < 0,565 | AA37: 0 | AB37: OOR < | AC37: 0 | AD37: OOR < | AE37: 0 | AF37: OOR < | AG37: 0
A38: ADRECMO | B38: box 1 | C38: ADRECMO-15_SR_J0 | D38: A037 | E38: serum | F38: < 3,77 | G38: 0 | H38: OOR < | I38: 0 | J38: OOR < | K38: 0 | L38: OOR < | M38: 0 | N38: < 0,005 | O38: 0 | P38: 36.63 | Q38: 0 | R38: 12.03 | S38: 0 | T38: < 0,035 | U38: 0 | V38: 362.9 | W38: 0 | X38: OOR < | Y38: 0 | Z38: < 0,565 | AA38: 0 | AB38: OOR < | AC38: 0 | AD38: OOR < | AE38: 0 | AF38: OOR < | AG38: 0
A39: ADRECMO | B39: box 1 | C39: ADRECMO-17_SR_J0 | D39: A038 | E39: serum | F39: < 3,77 | G39: 0 | H39: OOR < | I39: 0 | J39: OOR < | K39: 0 | L39: OOR < | M39: 0 | N39: *3,83 | O39: 0 | P39: 183.71 | Q39: 0 | R39: 14.13 | S39: 0 | T39: *0,07 | U39: 0 | V39: 290.2 | W39: 0 | X39: OOR < | Y39: 0 | Z39: < 0,565 | AA39: 0 | AB39: OOR < | AC39: 0 | AD39: OOR < | AE39: 0 | AF39: OOR < | AG39: 0
A40: ADRECMO | B40: box 1 | C40: ADRECMO-18_SR_J0 | D40: A039 | E40: serum | F40: < 3,77 | G40: 0 | H40: OOR < | I40: 0 | J40: OOR < | K40: 0 | L40: OOR < | M40: 0 | N40: < 0,005 | O40: 0 | P40: 63.78 | Q40: 0 | R40: 23.43 | S40: 0 | T40: *0,74 | U40: 0 | V40: 646.19 | W40: 0 | X40: OOR < | Y40: 0 | Z40: < 0,565 | AA40: 0 | AB40: OOR < | AC40: 0 | AD40: OOR < | AE40: 0 | AF40: OOR < | AG40: 0
A41: ADRECMO | B41: box 1 | C41: ADRECMO-19_SR_J0 | D41: A040 | E41: serum | F41: < 3,77 | G41: 0 | H41: OOR < | I41: 0 | J41: OOR < | K41: 0 | L41: OOR < | M41: 0 | N41: *3,83 | O41: 0 | P41: 591.79 | Q41: 0 | R41: 152.01 | S41: 0 | T41: 320.95 | U41: 0 | V41: 2976.73 | W41: 0 | X41: OOR < | Y41: 0 | Z41: < 0,565 | AA41: 0 | AB41: OOR < | AC41: 0 | AD41: OOR < | AE41: 0 | AF41: OOR < | AG41: 0
A42: ADRECMO | B42: box 1 | C42: ADRECMO-19_SR_J3 | D42: A041 | E42: serum | F42: < 3,77 | G42: 0 | H42: OOR < | I42: 0 | J42: OOR < | K42: 0 | L42: OOR < | M42: 0 | N42: *1,21 | O42: 0 | P42: 17.2 | Q42: 0 | R42: 17.51 | S42: 0 | T42: 3.88 | U42: 0 | V42: 867.75 | W42: 0 | X42: OOR < | Y42: 0 | Z42: < 0,565 | AA42: 0 | AB42: OOR < | AC42: 0 | AD42: OOR < | AE42: 0 | AF42: OOR < | AG42: 0
A43: ADRECMO | B43: box 1 | C43: ADRECMO-20_SR_J0 | D43: A042 | E43: serum | F43: < 3,77 | G43: 0 | H43: OOR < | I43: 0 | J43: OOR < | K43: 0 | L43: OOR < | M43: 0 | N43: 9.36 | O43: 0 | P43: 91.91 | Q43: 0 | R43: 21.35 | S43: 0 | T43: 2.52 | U43: 0 | V43: 415.83 | W43: 0 | X43: OOR < | Y43: 0 | Z43: < 0,565 | AA43: 0 | AB43: OOR < | AC43: 0 | AD43: OOR < | AE43: 0 | AF43: OOR < | AG43: 0
A44: ADRECMO | B44: box 1 | C44: ADRECMO-19_SR_JS | D44: A043 | E44: serum | F44: < 3,77 | G44: 0 | H44: OOR < | I44: 0 | J44: OOR < | K44: 0 | L44: OOR < | M44: 0 | N44: < 0,005 | O44: 0 | P44: 99.21 | Q44: 0 | R44: 16.55 | S44: 0 | T44: *1,26 | U44: 0 | V44: 784.13 | W44: 0 | X44: OOR < | Y44: 0 | Z44: < 0,565 | AA44: 0 | AB44: OOR < | AC44: 0 | AD44: OOR < | AE44: 0 | AF44: OOR < | AG44: 0
A45: ADRECMO | B45: box 1 | C45: ADRECMO-20_SR_J3 | D45: A044 | E45: serum | F45: < 3,77 | G45: 0 | H45: OOR < | I45: 0 | J45: OOR < | K45: 0 | L45: OOR < | M45: 0 | N45: *0,01 | O45: 0 | P45: 27.51 | Q45: 0 | R45: 6.61 | S45: 0 | T45: < 0,035 | U45: 0 | V45: 429.08 | W45: 0 | X45: OOR < | Y45: 0 | Z45: < 0,565 | AA45: 0 | AB45: OOR < | AC45: 0 | AD45: OOR < | AE45: 0 | AF45: OOR < | AG45: 0
A46: ADRECMO | B46: box 1 | C46: ADRECMO-21_SR_J0 | D46: A045 | E46: serum | F46: < 3,77 | G46: 0 | H46: OOR < | I46: 0 | J46: OOR < | K46: 0 | L46: OOR < | M46: 0 | N46: *1,21 | O46: 0 | P46: 84.53 | Q46: 0 | R46: 22.95 | S46: 0 | T46: *0,88 | U46: 0 | V46: 288.31 | W46: 0 | X46: OOR < | Y46: 0 | Z46: < 0,565 | AA46: 0 | AB46: OOR < | AC46: 0 | AD46: OOR < | AE46: 0 | AF46: OOR < | AG46: 0
A47: ADRECMO | B47: box 1 | C47: ADRECMO-20_SR_JS | D47: A046 | E47: serum | F47: < 3,77 | G47: 0 | H47: OOR < | I47: 0 | J47: OOR < | K47: 0 | L47: OOR < | M47: 0 | N47: < 0,005 | O47: 0 | P47: 11.75 | Q47: 0 | R47: 3.21 | S47: 0 | T47: *0,21 | U47: 0 | V47: 277.92 | W47: 0 | X47: OOR < | Y47: 0 | Z47: < 0,565 | AA47: 0 | AB47: OOR < | AC47: 0 | AD47: OOR < | AE47: 0 | AF47: OOR < | AG47: 0
A48: ADRECMO | B48: box 1 | C48: ADRECMO-22_SR_J0 | D48: A047 | E48: serum | F48: < 3,77 | G48: 0 | H48: OOR < | I48: 0 | J48: OOR < | K48: 0 | L48: OOR < | M48: 0 | N48: < 0,005 | O48: 0 | P48: 35.94 | Q48: 0 | R48: 37.4 | S48: 0 | T48: *1,52 | U48: 0 | V48: 459.41 | W48: 0 | X48: OOR < | Y48: 0 | Z48: < 0,565 | AA48: 0 | AB48: OOR < | AC48: 0 | AD48: OOR < | AE48: 0 | AF48: OOR < | AG48: 0
A49: ADRECMO | B49: box 1 | C49: ADRECMO-22_SR_JS | D49: A048 | E49: serum | F49: < 3,77 | G49: 0 | H49: OOR < | I49: 0 | J49: OOR < | K49: 0 | L49: OOR < | M49: 0 | N49: *1,21 | O49: 0 | P49: *7,65 | Q49: 0 | R49: 13.49 | S49: 0 | T49: 1.64 | U49: 0 | V49: 455.61 | W49: 0 | X49: OOR < | Y49: 0 | Z49: < 0,565 | AA49: 0 | AB49: OOR < | AC49: 0 | AD49: OOR < | AE49: 0 | AF49: OOR < | AG49: 0
A50: ADRECMO | B50: box 1 | C50: ADRECMO-23_SR_J0 | D50: A049 | E50: serum | F50: < 3,77 | G50: 0 | H50: OOR < | I50: 0 | J50: OOR < | K50: 0 | L50: OOR < | M50: 0 | N50: *0,59 | O50: 140.01 | P50: 16.44 | Q50: 39.79 | R50: *1,60 | S50: 65.34 | T50: < 0,035 | U50: 0 | V50: 87.27 | W50: 9.75 | X50: OOR < | Y50: 0 | Z50: < 0,565 | AA50: 0 | AB50: OOR < | AC50: 0 | AD50: OOR < | AE50: 0 | AF50: OOR < | AG50: 0
A51: ADRECMO | B51: box 1 | C51: ADRECMO-23_SR_J3 | D51: A050 | E51: serum | F51: < 3,77 | G51: 0 | H51: OOR < | I51: 0 | J51: OOR < | K51: 0 | L51: OOR < | M51: 0 | N51: *1,85 | O51: 49.29 | P51: 46.79 | Q51: 8.07 | R51: 2.59 | S51: 24.19 | T51: < 0,035 | U51: 0 | V51: 179.03 | W51: 7.58 | X51: OOR < | Y51: 0 | Z51: < 0,565 | AA51: 0 | AB51: OOR < | AC51: 0 | AD51: OOR < | AE51: 0 | AF51: OOR < | AG51: 0
A52: ADRECMO | B52: box 1 | C52: ADRECMO-23_SR_JS | D52: A051 | E52: serum | F52: < 3,77 | G52: 0 | H52: OOR < | I52: 0 | J52: OOR < | K52: 0 | L52: OOR < | M52: 0 | N52: < 0,005 | O52: 0 | P52: 64.1 | Q52: 19.11 | R52: 4.46 | S52: 4.07 | T52: *0,21 | U52: 94.49 | V52: 244.31 | W52: 6.86 | X52: OOR < | Y52: 0 | Z52: < 0,565 | AA52: 0 | AB52: OOR < | AC52: 0 | AD52: OOR < | AE52: 0 | AF52: OOR < | AG52: 0
A53: ADRECMO | B53: box 1 | C53: ADRECMO-24_SR_J0 | D53: A052 | E53: serum | F53: < 3,77 | G53: 0 | H53: OOR < | I53: 0 | J53: OOR < | K53: 0 | L53: OOR < | M53: 0 | N53: *1,21 | O53: 0 | P53: 39.37 | Q53: 12.27 | R53: 11.18 | S53: 26.3 | T53: 9.36 | U53: 31.53 | V53: 516.48 | W53: 15.15 | X53: OOR < | Y53: 0 | Z53: < 0,565 | AA53: 0 | AB53: OOR < | AC53: 0 | AD53: OOR < | AE53: 0 | AF53: OOR < | AG53: 0
A54: ADRECMO | B54: box 1 | C54: ADRECMO-24_SR_JS | D54: A053 | E54: serum | F54: < 3,77 | G54: 0 | H54: OOR < | I54: 0 | J54: OOR < | K54: 0 | L54: OOR < | M54: 0 | N54: < 0,005 | O54: 0 | P54: < 0,04 | Q54: 0 | R54: < 0,23 | S54: 0 | T54: < 0,035 | U54: 0 | V54: 119.46 | W54: 0.58 | X54: OOR < | Y54: 0 | Z54: < 0,565 | AA54: 0 | AB54: OOR < | AC54: 0 | AD54: OOR < | AE54: 0 | AF54: OOR < | AG54: 0
A55: ADRECMO | B55: box 1 | C55: ADRECMO-25_SR_J0 | D55: A054 | E55: serum | F55: 170.49 | G55: 6.96 | H55: OOR < | I55: 0 | J55: OOR < | K55: 0 | L55: OOR < | M55: 0 | N55: < 0,005 | O55: 0 | P55: 51.44 | Q55: 21.8 | R55: 18.43 | S55: 11.37 | T55: 9 | U55: 3.75 | V55: 658.3 | W55: 10.11 | X55: OOR < | Y55: 0 | Z55: < 0,565 | AA55: 0 | AB55: OOR < | AC55: 0 | AD55: OOR < | AE55: 0 | AF55: OOR < | AG55: 0
A56: ADRECMO | B56: box 1 | C56: ADRECMO-25_SR_J3 | D56: A055 | E56: serum | F56: 95.85 | G56: 2.29 | H56: OOR < | I56: 0 | J56: OOR < | K56: 0 | L56: OOR < | M56: 0 | N56: *3,83 | O56: 97.42 | P56: 35.59 | Q56: 6.87 | R56: 12.68 | S56: 9.04 | T56: < 0,035 | U56: 0 | V56: 552.79 | W56: 5.63 | X56: OOR < | Y56: 0 | Z56: < 0,565 | AA56: 0 | AB56: OOR < | AC56: 0 | AD56: OOR < | AE56: 0 | AF56: OOR < | AG56: 0
A57: ADRECMO | B57: box 1 | C57: ADRECMO-25_SR_JS | D57: A056 | E57: serum | F57: *7,54 | G57: 25.85 | H57: OOR < | I57: 0 | J57: OOR < | K57: 0 | L57: OOR < | M57: 0 | N57: < 0,005 | O57: 0 | P57: 34.9 | Q57: 4.22 | R57: 146.77 | S57: 13.31 | T57: < 0,035 | U57: 0 | V57: 693.32 | W57: 13.22 | X57: OOR < | Y57: 0 | Z57: < 0,565 | AA57: 0 | AB57: OOR < | AC57: 0 | AD57: OOR < | AE57: 0 | AF57: OOR < | AG57: 0
A58: ADRECMO | B58: box 1 | C58: ADRECMO-26_SR_J0 | D58: A057 | E58: serum | F58: < 3,77 | G58: 0 | H58: OOR < | I58: 0 | J58: OOR < | K58: 0 | L58: OOR < | M58: 0 | N58: < 0,005 | O58: 0 | P58: 58.28 | Q58: 5.79 | R58: 3.8 | S58: 36.38 | T58: < 0,035 | U58: 0 | V58: 470.06 | W58: 6.33 | X58: OOR < | Y58: 0 | Z58: < 0,565 | AA58: 0 | AB58: OOR < | AC58: 0 | AD58: OOR < | AE58: 0 | AF58: OOR < | AG58: 0
A59: ADRECMO | B59: box 1 | C59: ADRECMO-26_SR_J3 | D59: A058 | E59: serum | F59: < 3,77 | G59: 0 | H59: OOR < | I59: 0 | J59: OOR < | K59: 0 | L59: OOR < | M59: 0 | N59: < 0,005 | O59: 0 | P59: 62.01 | Q59: 15.42 | R59: 3.06 | S59: 61.68 | T59: < 0,035 | U59: 0 | V59: 506.1 | W59: 5.5 | X59: OOR < | Y59: 0 | Z59: < 0,565 | AA59: 0 | AB59: OOR < | AC59: 0 | AD59: OOR < | AE59: 0 | AF59: OOR < | AG59: 0
A60: ADRECMO | B60: box 1 | C60: ADRECMO-26_SR_JS | D60: A059 | E60: serum | F60: < 3,77 | G60: 0 | H60: OOR < | I60: 0 | J60: OOR < | K60: 0 | L60: OOR < | M60: 0 | N60: < 0,005 | O60: 0 | P60: 16.93 | Q60: 0 | R60: 4.34 | S60: 40.59 | T60: < 0,035 | U60: 0 | V60: 695.43 | W60: 3.2 | X60: OOR < | Y60: 0 | Z60: < 0,565 | AA60: 0 | AB60: OOR < | AC60: 0 | AD60: OOR < | AE60: 0 | AF60: OOR < | AG60: 0
A61: ADRECMO | B61: box 1 | C61: ADRECMO-27_SR_J0 | D61: A060 | E61: serum | F61: < 3,77 | G61: 0 | H61: OOR < | I61: 0 | J61: OOR < | K61: 0 | L61: OOR < | M61: 0 | N61: < 0,005 | O61: 0 | P61: 173.35 | Q61: 1.9 | R61: 50.67 | S61: 0.46 | T61: 2.25 | U61: 45.16 | V61: 699.72 | W61: 10.81 | X61: OOR < | Y61: 0 | Z61: < 0,565 | AA61: 0 | AB61: OOR < | AC61: 0 | AD61: OOR < | AE61: 0 | AF61: OOR < | AG61: 0
A62: ADRECMO | B62: box 1 | C62: ADRECMO-27_SR_J5 | D62: A061 | E62: serum | F62: < 3,77 | G62: 0 | H62: OOR < | I62: 0 | J62: OOR < | K62: 0 | L62: OOR < | M62: 0 | N62: < 0,005 | O62: 0 | P62: 12.76 | Q62: 28.47 | R62: *1,37 | S62: 121.82 | T62: < 0,035 | U62: 0 | V62: 456.5 | W62: 4.64 | X62: OOR < | Y62: 0 | Z62: < 0,565 | AA62: 0 | AB62: OOR < | AC62: 0 | AD62: OOR < | AE62: 0 | AF62: OOR < | AG62: 0
A63: ADRECMO | B63: box 1 | C63: ADRECMO-28_SR_J0 | D63: A062 | E63: serum | F63: < 3,77 | G63: 0 | H63: OOR < | I63: 0 | J63: OOR < | K63: 0 | L63: OOR < | M63: 0 | N63: < 0,005 | O63: 0 | P63: 448.86 | Q63: 9.25 | R63: 26.75 | S63: 19.43 | T63: 19.41 | U63: 11.62 | V63: 682.55 | W63: 11.06 | X63: OOR < | Y63: 0 | Z63: < 0,565 | AA63: 0 | AB63: OOR < | AC63: 0 | AD63: OOR < | AE63: 0 | AF63: OOR < | AG63: 0
A64: ADRECMO | B64: box 1 | C64: ADRECMO-29_SR_J0 | D64: A063 | E64: serum | F64: < 3,77 | G64: 0 | H64: OOR < | I64: 0 | J64: OOR < | K64: 0 | L64: OOR < | M64: 0 | N64: < 0,005 | O64: 0 | P64: 268.46 | Q64: 13.77 | R64: 12.5 | S64: 18.32 | T64: 14.51 | U64: 11.45 | V64: 481.29 | W64: 12.51 | X64: OOR < | Y64: 0 | Z64: < 0,565 | AA64: 0 | AB64: OOR < | AC64: 0 | AD64: OOR < | AE64: 0 | AF64: OOR < | AG64: 0
A65: ADRECMO | B65: box 1 | C65: ADRECMO-28_SR_J3 | D65: A064 | E65: serum | F65: < 3,77 | G65: 0 | H65: OOR < | I65: 0 | J65: OOR < | K65: 0 | L65: OOR < | M65: 0 | N65: < 0,005 | O65: 0 | P65: 89.57 | Q65: 22.29 | R65: 17.82 | S65: 5.54 | T65: < 0,035 | U65: 0 | V65: 572.75 | W65: 3.72 | X65: OOR < | Y65: 0 | Z65: < 0,565 | AA65: 0 | AB65: OOR < | AC65: 0 | AD65: OOR < | AE65: 0 | AF65: OOR < | AG65: 0
A66: ADRECMO | B66: box 1 | C66: ADRECMO-29_SR_J5 | D66: A065 | E66: serum | F66: < 3,77 | G66: 0 | H66: OOR < | I66: 0 | J66: OOR < | K66: 0 | L66: OOR < | M66: 0 | N66: < 0,005 | O66: 0 | P66: 18.55 | Q66: 0 | R66: 9.91 | S66: 0 | T66: < 0,035 | U66: 0 | V66: 310.22 | W66: 0 | X66: OOR < | Y66: 0 | Z66: < 0,565 | AA66: 0 | AB66: OOR < | AC66: 0 | AD66: OOR < | AE66: 0 | AF66: OOR < | AG66: 0
A67: ADRECMO | B67: box 1 | C67: ADRECMO-29_SR_JS | D67: A066 | E67: serum | F67: < 3,77 | G67: 0 | H67: OOR < | I67: 0 | J67: OOR < | K67: 0 | L67: OOR < | M67: 0 | N67: < 0,005 | O67: 0 | P67: 94.03 | Q67: 0 | R67: 6.49 | S67: 0 | T67: < 0,035 | U67: 0 | V67: 497.67 | W67: 0 | X67: OOR < | Y67: 0 | Z67: < 0,565 | AA67: 0 | AB67: OOR < | AC67: 0 | AD67: OOR < | AE67: 0 | AF67: OOR < | AG67: 0
A68: ADRECMO | B68: box 1 | C68: ADRECMO-30_SR_J0 | D68: A067 | E68: serum | F68: < 3,77 | G68: 0 | H68: OOR < | I68: 0 | J68: OOR < | K68: 0 | L68: OOR < | M68: 0 | N68: 6.32 | O68: 0 | P68: 13.61 | Q68: 0 | R68: 14.37 | S68: 0 | T68: < 0,035 | U68: 0 | V68: 701.63 | W68: 0 | X68: OOR < | Y68: 0 | Z68: < 0,565 | AA68: 0 | AB68: OOR < | AC68: 0 | AD68: OOR < | AE68: 0 | AF68: OOR < | AG68: 0
A69: ADRECMO | B69: box 1 | C69: ADRECMO-30_SR_J3-J5 | D69: A068 | E69: serum | F69: < 3,77 | G69: 0 | H69: OOR < | I69: 0 | J69: OOR < | K69: 0 | L69: OOR < | M69: 0 | N69: < 0,005 | O69: 0 | P69: 24.86 | Q69: 0 | R69: 8.54 | S69: 0 | T69: < 0,035 | U69: 0 | V69: 715.03 | W69: 0 | X69: OOR < | Y69: 0 | Z69: < 0,565 | AA69: 0 | AB69: OOR < | AC69: 0 | AD69: OOR < | AE69: 0 | AF69: OOR < | AG69: 0
A70: ADRECMO | B70: box 1 | C70: ADRECMO-31_SR_J0 | D70: A069 | E70: serum | F70: < 3,77 | G70: 0 | H70: OOR < | I70: 0 | J70: OOR < | K70: 0 | L70: OOR < | M70: 0 | N70: < 0,005 | O70: 0 | P70: < 0,04 | Q70: 0 | R70: 5.41 | S70: 0 | T70: 3.35 | U70: 0 | V70: 584.04 | W70: 0 | X70: OOR < | Y70: 0 | Z70: < 0,565 | AA70: 0 | AB70: OOR < | AC70: 0 | AD70: OOR < | AE70: 0 | AF70: OOR < | AG70: 0
A71: ADRECMO | B71: box 1 | C71: ADRECMO-30_SR_JSEVRAGE | D71: A070 | E71: serum | F71: < 3,77 | G71: 0 | H71: OOR < | I71: 0 | J71: OOR < | K71: 0 | L71: OOR < | M71: 0 | N71: < 0,005 | O71: 0 | P71: 21.74 | Q71: 0 | R71: 17.56 | S71: 0 | T71: < 0,035 | U71: 0 | V71: 881.99 | W71: 0 | X71: OOR < | Y71: 0 | Z71: < 0,565 | AA71: 0 | AB71: OOR < | AC71: 0 | AD71: OOR < | AE71: 0 | AF71: OOR < | AG71: 0
A72: ADRECMO | B72: box 1 | C72: ADRECMO-31_SR_J3-5 | D72: A071 | E72: serum | F72: < 3,77 | G72: 0 | H72: OOR < | I72: 0 | J72: OOR < | K72: 0 | L72: OOR < | M72: 0 | N72: < 0,005 | O72: 0 | P72: < 0,04 | Q72: 0 | R72: 5.96 | S72: 0 | T72: < 0,035 | U72: 0 | V72: 346 | W72: 0 | X72: OOR < | Y72: 0 | Z72: < 0,565 | AA72: 0 | AB72: OOR < | AC72: 0 | AD72: OOR < | AE72: 0 | AF72: OOR < | AG72: 0
A73: ADRECMO | B73: box 1 | C73: ADRECMO-32_SR_J0 | D73: A072 | E73: serum | F73: < 3,77 | G73: 0 | H73: OOR < | I73: 0 | J73: OOR < | K73: 0 | L73: OOR < | M73: 0 | N73: < 0,005 | O73: 0 | P73: 99.1 | Q73: 0 | R73: 53.61 | S73: 0 | T73: 9.86 | U73: 0 | V73: 1452.91 | W73: 0 | X73: OOR < | Y73: 0 | Z73: < 0,565 | AA73: 0 | AB73: OOR < | AC73: 0 | AD73: OOR < | AE73: 0 | AF73: OOR < | AG73: 0
A74: ADRECMO | B74: box 1 | C74: ADRECMO-32_SR_J3 | D74: A073 | E74: serum | F74: < 3,77 | G74: 0 | H74: OOR < | I74: 0 | J74: OOR < | K74: 0 | L74: OOR < | M74: 0 | N74: < 0,005 | O74: 0 | P74: 16.11 | Q74: 0 | R74: 20.76 | S74: 0 | T74: < 0,035 | U74: 0 | V74: 774.66 | W74: 0 | X74: OOR < | Y74: 0 | Z74: < 0,565 | AA74: 0 | AB74: OOR < | AC74: 0 | AD74: OOR < | AE74: 0 | AF74: OOR < | AG74: 0
A75: ADRECMO | B75: box 1 | C75: ADRECMO-31_SR_JS | D75: A074 | E75: serum | F75: < 3,77 | G75: 0 | H75: OOR < | I75: 0 | J75: OOR < | K75: 0 | L75: OOR < | M75: 0 | N75: < 0,005 | O75: 0 | P75: 16.11 | Q75: 0 | R75: 6.49 | S75: 0 | T75: < 0,035 | U75: 0 | V75: 488.31 | W75: 0 | X75: OOR < | Y75: 0 | Z75: < 0,565 | AA75: 0 | AB75: OOR < | AC75: 0 | AD75: OOR < | AE75: 0 | AF75: OOR < | AG75: 0
A76: ADRECMO | B76: box 1 | C76: ADRECMO-33_SR_J0 | D76: A075 | E76: serum | F76: < 3,77 | G76: 0 | H76: OOR < | I76: 0 | J76: OOR < | K76: 0 | L76: OOR < | M76: 0 | N76: < 0,005 | O76: 0 | P76: 14.45 | Q76: 0 | R76: < 0,23 | S76: 0 | T76: < 0,035 | U76: 0 | V76: 276.13 | W76: 0 | X76: OOR < | Y76: 0 | Z76: < 0,565 | AA76: 0 | AB76: OOR < | AC76: 0 | AD76: OOR < | AE76: 0 | AF76: OOR < | AG76: 0
A77: ADRECMO | B77: box 1 | C77: ADRECMO-34_SR_J0 | D77: A076 | E77: serum | F77: < 3,77 | G77: 0 | H77: OOR < | I77: 0 | J77: OOR < | K77: 0 | L77: OOR < | M77: 0 | N77: < 0,005 | O77: 0 | P77: 879.06 | Q77: 0 | R77: 227.43 | S77: 0 | T77: 34.91 | U77: 0 | V77: 1076 | W77: 0 | X77: OOR < | Y77: 0 | Z77: < 0,565 | AA77: 0 | AB77: OOR < | AC77: 0 | AD77: OOR < | AE77: 0 | AF77: OOR < | AG77: 0
A78: ADRECMO | B78: box 1 | C78: ADRECMO-35_SR_J0 | D78: A077 | E78: serum | F78: < 3,77 | G78: 0 | H78: OOR < | I78: 0 | J78: OOR < | K78: 0 | L78: OOR < | M78: 0 | N78: < 0,005 | O78: 0 | P78: 2566.4 | Q78: 0 | R78: 1088.49 | S78: 0 | T78: 422.07 | U78: 0 | V78: 545.49 | W78: 0 | X78: OOR < | Y78: 0 | Z78: < 0,565 | AA78: 0 | AB78: OOR < | AC78: 0 | AD78: OOR < | AE78: 0 | AF78: OOR < | AG78: 0
A79: ADRECMO | B79: box 1 | C79: ADRECMO-36_SR_J0 | D79: A078 | E79: serum | F79: < 3,77 | G79: 0 | H79: OOR < | I79: 0 | J79: OOR < | K79: 0 | L79: OOR < | M79: 0 | N79: < 0,005 | O79: 0 | P79: 49.67 | Q79: 0 | R79: 16.42 | S79: 0 | T79: 5.87 | U79: 0 | V79: 330.96 | W79: 0 | X79: OOR < | Y79: 0 | Z79: < 0,565 | AA79: 0 | AB79: OOR < | AC79: 0 | AD79: OOR < | AE79: 0 | AF79: OOR < | AG79: 0
A80: ADRECMO | B80: box 1 | C80: ADRECMO-36_SR_J3 | D80: A079 | E80: serum | F80: < 3,77 | G80: 0 | H80: OOR < | I80: 0 | J80: OOR < | K80: 0 | L80: OOR < | M80: 0 | N80: < 0,005 | O80: 0 | P80: 466.22 | Q80: 0 | R80: 12.64 | S80: 0 | T80: 9.61 | U80: 0 | V80: 364.78 | W80: 0 | X80: OOR < | Y80: 0 | Z80: < 0,565 | AA80: 0 | AB80: OOR < | AC80: 0 | AD80: OOR < | AE80: 0 | AF80: OOR < | AG80: 0
A81: ADRECMO | B81: box 1 | C81: ADRECMO-37_SR_J0 | D81: A080 | E81: serum | F81: < 3,77 | G81: 0 | H81: OOR < | I81: 0 | J81: OOR < | K81: 0 | L81: OOR < | M81: 0 | N81: < 0,005 | O81: 0 | P81: 101.62 | Q81: 0 | R81: 12.36 | S81: 0 | T81: < 0,035 | U81: 0 | V81: 413.48 | W81: 0 | X81: OOR < | Y81: 0 | Z81: < 0,565 | AA81: 0 | AB81: OOR < | AC81: 0 | AD81: OOR < | AE81: 0 | AF81: OOR < | AG81: 0
A82: ADRECMO | B82: box 1 | C82: ADRECMO-36_SR_JS | D82: A081 | E82: serum | F82: < 3,77 | G82: 0 | H82: OOR < | I82: 0 | J82: OOR < | K82: 0 | L82: OOR < | M82: 0 | N82: < 0,005 | O82: 0 | P82: 53.14 | Q82: 0 | R82: 7.32 | S82: 0 | T82: < 0,035 | U82: 0 | V82: 317.77 | W82: 0 | X82: OOR < | Y82: 0 | Z82: < 0,565 | AA82: 0 | AB82: OOR < | AC82: 0 | AD82: OOR < | AE82: 0 | AF82: OOR < | AG82: 0
A83: ADRECMO | B83: box 2 | C83: ADRECMO-38_SR_J0 | D83: A082 | E83: serum | F83: < 3,77 | G83: 0 | H83: OOR < | I83: 0 | J83: OOR < | K83: 0 | L83: OOR < | M83: 0 | N83: < 0,005 | O83: 0 | P83: 20.16 | Q83: 0 | R83: 12.73 | S83: 0 | T83: 10.17 | U83: 0 | V83: 178.67 | W83: 0 | X83: OOR < | Y83: 0 | Z83: < 0,565 | AA83: 0 | AB83: OOR < | AC83: 0 | AD83: OOR < | AE83: 0 | AF83: OOR < | AG83: 0
A84: ADRECMO | B84: box 2 | C84: ADRECMO-37_SR_J4 | D84: A083 | E84: serum | F84: < 3,77 | G84: 0 | H84: OOR < | I84: 0 | J84: OOR < | K84: 0 | L84: OOR < | M84: 0 | N84: < 0,005 | O84: 0 | P84: 27.93 | Q84: 0 | R84: 25.41 | S84: 0 | T84: < 0,035 | U84: 0 | V84: 749.58 | W84: 0 | X84: OOR < | Y84: 0 | Z84: < 0,565 | AA84: 0 | AB84: OOR < | AC84: 0 | AD84: OOR < | AE84: 0 | AF84: OOR < | AG84: 0
A85: ADRECMO | B85: box 2 | C85: ADRECMO-38_SR_J3 | D85: A084 | E85: serum | F85: < 3,77 | G85: 0 | H85: OOR < | I85: 0 | J85: OOR < | K85: 0 | L85: OOR < | M85: 0 | N85: < 0,005 | O85: 0 | P85: 46.16 | Q85: 0 | R85: 52.63 | S85: 0 | T85: < 0,035 | U85: 0 | V85: 205.08 | W85: 0 | X85: OOR < | Y85: 0 | Z85: < 0,565 | AA85: 0 | AB85: OOR < | AC85: 0 | AD85: 13.06 | AE85: 0 | AF85: OOR < | AG85: 0
A86: ADRECMO | B86: box 2 | C86: ADRECMO-39_SR_J0 | D86: A085 | E86: serum | F86: < 3,77 | G86: 0 | H86: OOR < | I86: 0 | J86: OOR < | K86: 0 | L86: OOR < | M86: 0 | N86: 42.71 | O86: 0 | P86: 2182 | Q86: 0 | R86: 315.57 | S86: 0 | T86: 48.47 | U86: 0 | V86: 403.19 | W86: 0 | X86: OOR < | Y86: 0 | Z86: < 0,565 | AA86: 0 | AB86: OOR < | AC86: 0 | AD86: OOR < | AE86: 0 | AF86: OOR < | AG86: 0
A87: ADRECMO | B87: box 2 | C87: ADRECMO-40_SR_J0 | D87: A086 | E87: serum | F87: < 3,77 | G87: 0 | H87: OOR < | I87: 0 | J87: OOR < | K87: 0 | L87: OOR < | M87: 0 | N87: < 0,005 | O87: 0 | P87: 31.69 | Q87: 0 | R87: 12.54 | S87: 0 | T87: 18.25 | U87: 0 | V87: 525.78 | W87: 0 | X87: OOR < | Y87: 0 | Z87: < 0,565 | AA87: 0 | AB87: OOR < | AC87: 0 | AD87: OOR < | AE87: 0 | AF87: OOR < | AG87: 0
A88: ADRECMO | B88: box 2 | C88: ADRECMO-40_SR_J3 | D88: A087 | E88: serum | F88: < 3,77 | G88: 0 | H88: OOR < | I88: 0 | J88: OOR < | K88: 0 | L88: OOR < | M88: 0 | N88: < 0,005 | O88: 0 | P88: < 0,04 | Q88: 0 | R88: 29.57 | S88: 0 | T88: *0,67 | U88: 0 | V88: 654.01 | W88: 0 | X88: OOR < | Y88: 0 | Z88: < 0,565 | AA88: 0 | AB88: OOR < | AC88: 0 | AD88: OOR < | AE88: 0 | AF88: OOR < | AG88: 0
A89: ADRECMO | B89: box 2 | C89: ADRECMO-41_SR_J0 | D89: A088 | E89: serum | F89: < 3,77 | G89: 0 | H89: OOR < | I89: 0 | J89: OOR < | K89: 0 | L89: OOR < | M89: 0 | N89: < 0,005 | O89: 0 | P89: 237.15 | Q89: 0 | R89: 61.22 | S89: 0 | T89: 7.77 | U89: 0 | V89: 393.83 | W89: 0 | X89: OOR < | Y89: 0 | Z89: < 0,565 | AA89: 0 | AB89: OOR < | AC89: 0 | AD89: OOR < | AE89: 0 | AF89: OOR < | AG89: 0
A90: ADRECMO | B90: box 2 | C90: ADRECMO-40_JS | D90: A089 | E90: serum | F90: < 3,77 | G90: 0 | H90: OOR < | I90: 0 | J90: OOR < | K90: 0 | L90: OOR < | M90: 0 | N90: < 0,005 | O90: 0 | P90: 48.97 | Q90: 0 | R90: 8.54 | S90: 0 | T90: < 0,035 | U90: 0 | V90: 555.82 | W90: 0 | X90: OOR < | Y90: 0 | Z90: < 0,565 | AA90: 0 | AB90: OOR < | AC90: 0 | AD90: OOR < | AE90: 0 | AF90: OOR < | AG90: 0
A91: ADRECMO | B91: box 2 | C91: ADRECMO-41_SR_JS | D91: A090 | E91: serum | F91: < 3,77 | G91: 0 | H91: OOR < | I91: 0 | J91: OOR < | K91: 0 | L91: OOR < | M91: 0 | N91: < 0,005 | O91: 0 | P91: 46.16 | Q91: 0 | R91: 10.67 | S91: 0 | T91: 5.44 | U91: 0 | V91: 550.18 | W91: 0 | X91: OOR < | Y91: 0 | Z91: < 0,565 | AA91: 0 | AB91: OOR < | AC91: 0 | AD91: OOR < | AE91: 0 | AF91: OOR < | AG91: 0
A92: ADRECMO | B92: box 2 | C92: ADRECMO-42_SR_J0 | D92: A091 | E92: serum | F92: < 3,77 | G92: 0 | H92: OOR < | I92: 0 | J92: OOR < | K92: 0 | L92: OOR < | M92: 0 | N92: < 0,005 | O92: 0 | P92: 141.45 | Q92: 0 | R92: 4.04 | S92: 0 | T92: 2.15 | U92: 0 | V92: 246.56 | W92: 0 | X92: OOR < | Y92: 0 | Z92: < 0,565 | AA92: 0 | AB92: OOR < | AC92: 0 | AD92: OOR < | AE92: 0 | AF92: OOR < | AG92: 0
A93: ADRECMO | B93: box 2 | C93: ADRECMO-42_SR_JS | D93: A092 | E93: serum | F93: < 3,77 | G93: 0 | H93: OOR < | I93: 0 | J93: OOR < | K93: 0 | L93: OOR < | M93: 0 | N93: < 0,005 | O93: 0 | P93: 24.86 | Q93: 0 | R93: 2.53 | S93: 0 | T93: < 0,035 | U93: 0 | V93: 448.08 | W93: 0 | X93: OOR < | Y93: 0 | Z93: < 0,565 | AA93: 0 | AB93: OOR < | AC93: 0 | AD93: OOR < | AE93: 0 | AF93: OOR < | AG93: 0
A94: ADRECMO | B94: box 2 | C94: ADRECMO-43_SR_J0 | D94: A093 | E94: serum | F94: < 3,77 | G94: 0 | H94: OOR < | I94: 0 | J94: OOR < | K94: 0 | L94: OOR < | M94: 0 | N94: < 0,005 | O94: 0 | P94: *6,53 | Q94: 0 | R94: 4.85 | S94: 0 | T94: < 0,035 | U94: 0 | V94: 380.71 | W94: 0 | X94: OOR < | Y94: 0 | Z94: < 0,565 | AA94: 0 | AB94: OOR < | AC94: 0 | AD94: OOR < | AE94: 0 | AF94: OOR < | AG94: 0
A95: ADRECMO | B95: box 2 | C95: ADRECMO-43_SR_J5 | D95: A094 | E95: serum | F95: < 3,77 | G95: 0 | H95: OOR < | I95: 0 | J95: OOR < | K95: 0 | L95: OOR < | M95: 0 | N95: < 0,005 | O95: 0 | P95: < 0,04 | Q95: 0 | R95: 4.51 | S95: 0 | T95: < 0,035 | U95: 0 | V95: 308.33 | W95: 0 | X95: OOR < | Y95: 0 | Z95: < 0,565 | AA95: 0 | AB95: OOR < | AC95: 0 | AD95: OOR < | AE95: 0 | AF95: OOR < | AG95: 0
A96: ADRECMO | B96: box 2 | C96: ADRECMO-44_SR_J0 | D96: A095 | E96: serum | F96: < 3,77 | G96: 0 | H96: OOR < | I96: 0 | J96: OOR < | K96: 0 | L96: OOR < | M96: 0 | N96: < 0,005 | O96: 0 | P96: 249.95 | Q96: 0 | R96: 28.66 | S96: 0 | T96: 4.08 | U96: 0 | V96: 384.46 | W96: 0 | X96: OOR < | Y96: 0 | Z96: < 0,565 | AA96: 0 | AB96: OOR < | AC96: 0 | AD96: OOR < | AE96: 0 | AF96: OOR < | AG96: 0
A97: ADRECMO | B97: box 2 | C97: ADRECMO-44_SR_J5 | D97: A096 | E97: serum | F97: < 3,77 | G97: 0 | H97: OOR < | I97: 0 | J97: OOR < | K97: 0 | L97: OOR < | M97: 0 | N97: 17.15 | O97: 0 | P97: 1110.18 | Q97: 0 | R97: 75.38 | S97: 0 | T97: < 0,035 | U97: 0 | V97: 1028.01 | W97: 0 | X97: OOR < | Y97: 0 | Z97: < 0,565 | AA97: 0 | AB97: OOR < | AC97: 0 | AD97: OOR < | AE97: 0 | AF97: OOR < | AG97: 0
A98: ADRECMO | B98: box 2 | C98: ADRECMO-45_SR_J0 | D98: A097 | E98: serum | F98: < 3,77 | G98: 0 | H98: OOR < | I98: 0 | J98: OOR < | K98: 0 | L98: OOR < | M98: 0 | N98: < 0,005 | O98: 0 | P98: 24.86 | Q98: 0 | R98: 12.54 | S98: 0 | T98: < 0,035 | U98: 0 | V98: 649.27 | W98: 0 | X98: OOR < | Y98: 0 | Z98: < 0,565 | AA98: 0 | AB98: OOR < | AC98: 0 | AD98: OOR < | AE98: 0 | AF98: OOR < | AG98: 0
A99: ADRECMO | B99: box 2 | C99: ADRECMO-45_SR_J3-J5 | D99: A098 | E99: serum | F99: < 3,77 | G99: 0 | H99: OOR < | I99: 0 | J99: OOR < | K99: 0 | L99: OOR < | M99: 0 | N99: < 0,005 | O99: 0 | P99: 393.21 | Q99: 0 | R99: 19.64 | S99: 0 | T99: 1.84 | U99: 0 | V99: 709.28 | W99: 0 | X99: OOR < | Y99: 0 | Z99: < 0,565 | AA99: 0 | AB99: OOR < | AC99: 0 | AD99: OOR < | AE99: 0 | AF99: OOR < | AG99: 0
A100: ADRECMO | B100: box 2 | C100: ADRECMO-45_SR_JS | D100: A099 | E100: serum | F100: < 3,77 | G100: 0 | H100: OOR < | I100: 0 | J100: OOR < | K100: 0 | L100: OOR < | M100: 0 | N100: < 0,005 | O100: 0 | P100: 39.02 | Q100: 0 | R100: 6.28 | S100: 0 | T100: < 0,035 | U100: 0 | V100: 585.93 | W100: 0 | X100: OOR < | Y100: 0 | Z100: < 0,565 | AA100: 0 | AB100: OOR < | AC100: 0 | AD100: OOR < | AE100: 0 | AF100: OOR < | AG100: 0
...
